src/components/Domain/Admin/Setup/EndPageContent.tsx(18,47): error TS1005: ',' expected.
src/components/Domain/Admin/Setup/EndPageContent.tsx(18,48): error TS1136: Property assignment expected.
src/components/Domain/Admin/Setup/EndPageContent.tsx(19,12): error TS1005: ',' expected.
src/components/Domain/Admin/Setup/EndPageContent.tsx(20,12): error TS1005: ',' expected.
src/components/Domain/Admin/Setup/EndPageContent.tsx(34,5): error TS1137: Expression or comma expected.
src/components/Domain/Admin/Setup/EndPageContent.tsx(34,6): error TS1128: Declaration or statement expected.
src/components/Domain/Admin/Setup/EndPageContent.tsx(37,12): error TS1005: ';' expected.
src/components/Domain/Admin/Setup/EndPageContent.tsx(38,12): error TS1005: ';' expected.
src/components/Domain/Admin/Setup/EndPageContent.tsx(52,5): error TS1109: Expression expected.
src/components/Domain/Admin/Setup/EndPageContent.tsx(52,6): error TS1128: Declaration or statement expected.
src/components/Domain/Admin/Setup/EndPageContent.tsx(55,12): error TS1005: ';' expected.
src/components/Domain/Admin/Setup/EndPageContent.tsx(56,12): error TS1005: ';' expected.
src/components/Domain/Admin/Setup/EndPageContent.tsx(70,5): error TS1109: Expression expected.
src/components/Domain/Admin/Setup/EndPageContent.tsx(70,6): error TS1128: Declaration or statement expected.
src/components/Domain/Admin/Setup/EndPageContent.tsx(71,3): error TS1128: Declaration or statement expected.
src/components/Domain/Admin/Setup/EndPageContent.tsx(71,4): error TS1128: Declaration or statement expected.
src/components/Domain/Admin/Setup/EndPageContent.tsx(106,1): error TS1128: Declaration or statement expected.
src/components/Domain/Announcement/AnnouncementDialog.tsx(60,5): error TS2657: JSX expressions must have one parent element.
src/components/Domain/Announcement/AnnouncementDialog.tsx(65,153): error TS1005: '}' expected.
src/components/Domain/Announcement/AnnouncementDialog.tsx(65,170): error TS1381: Unexpected token. Did you mean `{'}'}` or `&rbrace;`?
src/components/Domain/Announcement/AnnouncementDialog.tsx(65,171): error TS1382: Unexpected token. Did you mean `{'>'}` or `&gt;`?
src/components/Domain/Announcement/AnnouncementDialog.tsx(82,15): error TS17002: Expected corresponding JSX closing tag for 'List'.
src/components/Domain/Announcement/AnnouncementDialog.tsx(83,13): error TS1381: Unexpected token. Did you mean `{'}'}` or `&rbrace;`?
src/components/Domain/Announcement/AnnouncementDialog.tsx(84,11): error TS17002: Expected corresponding JSX closing tag for 'div'.
src/components/Domain/Announcement/AnnouncementDialog.tsx(106,9): error TS17002: Expected corresponding JSX closing tag for 'BaseDialog'.
src/components/Domain/Announcement/AnnouncementDialog.tsx(113,5): error TS1005: ')' expected.
src/components/Domain/Announcement/AnnouncementDialog.tsx(113,7): error TS17015: Expected corresponding closing tag for JSX fragment.
src/components/Domain/Announcement/AnnouncementDialog.tsx(114,3): error TS1109: Expression expected.
src/components/Domain/Announcement/AnnouncementDialog.tsx(114,5): error TS1128: Declaration or statement expected.
src/components/Domain/Announcement/AnnouncementDialog.tsx(115,5): error TS1128: Declaration or statement expected.
src/components/Domain/Announcement/AnnouncementDialog.tsx(115,7): error TS1109: Expression expected.
src/components/Domain/Announcement/AnnouncementDialog.tsx(116,3): error TS1109: Expression expected.
src/components/Domain/Announcement/AnnouncementDialog.tsx(117,1): error TS1128: Declaration or statement expected.
src/components/Domain/Announcement/Announcements/2026-03-27_1_welcome.tsx(6,25): error TS1005: '(' expected.
src/components/Domain/Announcement/Announcements/2026-03-27_1_welcome.tsx(6,34): error TS1005: ';' expected.
src/components/Domain/Announcement/Announcements/2026-03-27_1_welcome.tsx(6,34): error TS1351: An identifier or keyword cannot immediately follow a numeric literal.
src/components/Domain/Announcement/Announcements/2026-03-27_1_welcome.tsx(6,44): error TS1005: ';' expected.
src/components/Domain/Announcement/Announcements/2026-05-21_1_ai-providers.tsx(7,25): error TS1005: '(' expected.
src/components/Domain/Announcement/Announcements/2026-05-21_1_ai-providers.tsx(7,34): error TS1005: ';' expected.
src/components/Domain/Announcement/Announcements/2026-05-21_1_ai-providers.tsx(7,34): error TS1351: An identifier or keyword cannot immediately follow a numeric literal.
src/components/Domain/Announcement/Announcements/2026-05-21_1_ai-providers.tsx(7,48): error TS1005: ';' expected.
src/components/Domain/Announcement/Announcements/2026-05-31_1_iframe-embeds.tsx(5,25): error TS1005: '(' expected.
src/components/Domain/Announcement/Announcements/2026-05-31_1_iframe-embeds.tsx(5,34): error TS1005: ';' expected.
src/components/Domain/Announcement/Announcements/2026-05-31_1_iframe-embeds.tsx(5,34): error TS1351: An identifier or keyword cannot immediately follow a numeric literal.
src/components/Domain/Announcement/Announcements/2026-05-31_1_iframe-embeds.tsx(5,49): error TS1005: ';' expected.
src/components/Domain/Announcement/Announcements/2026-05-31_1_iframe-embeds.tsx(14,10): error TS17008: JSX element 'iframe' has no corresponding closing tag.
src/components/Domain/Announcement/Announcements/2026-07-27_1_oidc-email-verification.tsx(5,25): error TS1005: '(' expected.
src/components/Domain/Announcement/Announcements/2026-07-27_1_oidc-email-verification.tsx(5,34): error TS1005: ';' expected.
src/components/Domain/Announcement/Announcements/2026-07-27_1_oidc-email-verification.tsx(5,34): error TS1351: An identifier or keyword cannot immediately follow a numeric literal.
src/components/Domain/Announcement/Announcements/2026-07-27_1_oidc-email-verification.tsx(5,58): error TS1005: ';' expected.
src/components/Domain/Announcement/Announcements/2026-07-27_2_scraper-proxy-flaresolverr.tsx(5,25): error TS1005: '(' expected.
src/components/Domain/Announcement/Announcements/2026-07-27_2_scraper-proxy-flaresolverr.tsx(5,34): error TS1005: ';' expected.
src/components/Domain/Announcement/Announcements/2026-07-27_2_scraper-proxy-flaresolverr.tsx(5,34): error TS1351: An identifier or keyword cannot immediately follow a numeric literal.
src/components/Domain/Announcement/Announcements/2026-07-27_2_scraper-proxy-flaresolverr.tsx(5,61): error TS1005: ';' expected.
src/components/Domain/Announcement/Announcements/2026-09-04_1_outbound-request-protection.tsx(5,25): error TS1005: '(' expected.
src/components/Domain/Announcement/Announcements/2026-09-04_1_outbound-request-protection.tsx(5,34): error TS1005: ';' expected.
src/components/Domain/Announcement/Announcements/2026-09-04_1_outbound-request-protection.tsx(5,34): error TS1351: An identifier or keyword cannot immediately follow a numeric literal.
src/components/Domain/Announcement/Announcements/2026-09-04_1_outbound-request-protection.tsx(5,62): error TS1005: ';' expected.
src/components/Domain/Cookbook/CookbookEditor.tsx(82,60): error TS1005: '...' expected.
src/components/Domain/Cookbook/CookbookEditor.tsx(84,77): error TS1005: '...' expected.
src/components/Domain/Cookbook/CookbookEditor.tsx(87,69): error TS1005: '...' expected.
src/components/Domain/Cookbook/CookbookPage.tsx(33,46): error TS1005: ')' expected.
src/components/Domain/Cookbook/CookbookPage.tsx(37,5): error TS1005: ',' expected.
src/components/Domain/Cookbook/CookbookPage.tsx(38,4): error TS1128: Declaration or statement expected.
src/components/Domain/Cookbook/CookbookPage.tsx(70,18): error TS1109: Expression expected.
src/components/Domain/Cookbook/CookbookPage.tsx(78,63): error TS1005: '...' expected.
src/components/Domain/Cookbook/CookbookPage.tsx(111,1): error TS1128: Declaration or statement expected.
src/components/Domain/Group/GroupAIProviderDialog.tsx(51,33): error TS1135: Argument expression expected.
src/components/Domain/Group/GroupAIProviderDialog.tsx(194,62): error TS1005: '...' expected.
src/components/Domain/Group/GroupAIProviderDialog.tsx(196,63): error TS1005: '...' expected.
src/components/Domain/Group/GroupAIProviderDialog.tsx(198,64): error TS1005: '...' expected.
src/components/Domain/Group/GroupAIProviderDialog.tsx(204,65): error TS1005: '...' expected.
src/components/Domain/Group/GroupAIProviderDialog.tsx(206,68): error TS1005: '...' expected.
src/components/Domain/Group/GroupAIProviderDialog.tsx(218,87): error TS1005: '...' expected.
src/components/Domain/Group/GroupAIProviderDialog.tsx(224,86): error TS1005: '...' expected.
src/components/Domain/Group/GroupAIProviderSettingsEditor.tsx(27,3): error TS1135: Argument expression expected.
src/components/Domain/Group/GroupAIProviderSettingsEditor.tsx(27,7): error TS1005: ',' expected.
src/components/Domain/Group/GroupAIProviderSettingsEditor.tsx(79,75): error TS1005: '...' expected.
src/components/Domain/Group/GroupAIProviderSettingsEditor.tsx(88,73): error TS1005: '...' expected.
src/components/Domain/Group/GroupAIProviderSettingsEditor.tsx(97,73): error TS1005: '...' expected.
src/components/Domain/Group/GroupDataPage.tsx(33,77): error TS1109: Expression expected.
src/components/Domain/Group/GroupDataPage.tsx(34,6): error TS1128: Declaration or statement expected.
src/components/Domain/Group/GroupDataPage.tsx(37,15): error TS1005: ';' expected.
src/components/Domain/Group/GroupDataPage.tsx(38,5): error TS1109: Expression expected.
src/components/Domain/Group/GroupDataPage.tsx(38,6): error TS1128: Declaration or statement expected.
src/components/Domain/Group/GroupDataPage.tsx(41,15): error TS1005: ';' expected.
src/components/Domain/Group/GroupDataPage.tsx(42,5): error TS1109: Expression expected.
src/components/Domain/Group/GroupDataPage.tsx(42,6): error TS1128: Declaration or statement expected.
src/components/Domain/Group/GroupDataPage.tsx(45,7): error TS1109: Expression expected.
src/components/Domain/Group/GroupDataPage.tsx(45,14): error TS1128: Declaration or statement expected.
src/components/Domain/Group/GroupDataPage.tsx(46,5): error TS1109: Expression expected.
src/components/Domain/Group/GroupDataPage.tsx(46,6): error TS1128: Declaration or statement expected.
src/components/Domain/Group/GroupDataPage.tsx(49,7): error TS1109: Expression expected.
src/components/Domain/Group/GroupDataPage.tsx(49,14): error TS1128: Declaration or statement expected.
src/components/Domain/Group/GroupDataPage.tsx(50,5): error TS1109: Expression expected.
src/components/Domain/Group/GroupDataPage.tsx(50,6): error TS1128: Declaration or statement expected.
src/components/Domain/Group/GroupDataPage.tsx(51,3): error TS1128: Declaration or statement expected.
src/components/Domain/Group/GroupDataPage.tsx(51,4): error TS1128: Declaration or statement expected.
src/components/Domain/Group/GroupDataPage.tsx(67,61): error TS1005: ')' expected.
src/components/Domain/Group/GroupDataPage.tsx(106,59): error TS1005: '...' expected.
src/components/Domain/Group/GroupDataPage.tsx(113,57): error TS1005: '...' expected.
src/components/Domain/Group/GroupDataPage.tsx(171,1): error TS1128: Declaration or statement expected.
src/components/Domain/Group/GroupPreferencesEditor.tsx(20,72): error TS1005: '...' expected.
src/components/Domain/Group/GroupPreferencesEditor.tsx(30,77): error TS1005: '...' expected.
src/components/Domain/Household/GroupMealPlanEntryDialog.tsx(36,62): error TS1005: ')' expected.
src/components/Domain/Household/GroupMealPlanEntryDialog.tsx(36,63): error TS1128: Declaration or statement expected.
src/components/Domain/Household/GroupMealPlanEntryDialog.tsx(43,47): error TS1109: Expression expected.
src/components/Domain/Household/GroupMealPlanEntryDialog.tsx(45,102): error TS1005: ')' expected.
src/components/Domain/Household/GroupMealPlanEntryDialog.tsx(48,73): error TS1135: Argument expression expected.
src/components/Domain/Household/GroupMealPlanEntryDialog.tsx(48,78): error TS1005: ')' expected.
src/components/Domain/Household/GroupWebhookEditor.tsx(22,89): error TS1005: ')' expected.
src/components/Domain/Household/GroupWebhookEditor.tsx(22,90): error TS1128: Declaration or statement expected.
src/components/Domain/Household/GroupWebhookEditor.tsx(51,71): error TS1005: '...' expected.
src/components/Domain/Household/GroupWebhookEditor.tsx(53,61): error TS1005: '...' expected.
src/components/Domain/Household/GroupWebhookEditor.tsx(55,60): error TS1005: '...' expected.
src/components/Domain/Household/HouseholdPreferencesEditor.tsx(8,1): error TS1131: Property or signature expected.
src/components/Domain/Household/HouseholdPreferencesEditor.tsx(89,76): error TS1005: '...' expected.
src/components/Domain/Household/HouseholdPreferencesEditor.tsx(99,94): error TS1005: '...' expected.
src/components/Domain/Household/HouseholdPreferencesEditor.tsx(108,77): error TS1005: '...' expected.
src/components/Domain/Household/HouseholdPreferencesEditor.tsx(116,72): error TS1005: '...' expected.
src/components/Domain/Household/HouseholdPreferencesEditor.tsx(124,70): error TS1005: '...' expected.
src/components/Domain/Household/HouseholdPreferencesEditor.tsx(135,1): error TS1128: Declaration or statement expected.
src/components/Domain/Mealplan/MealPlanAddRecipeDialog.tsx(27,60): error TS1005: ')' expected.
src/components/Domain/Mealplan/MealPlanAddRecipeDialog.tsx(27,61): error TS1128: Declaration or statement expected.
src/components/Domain/Mealplan/MealPlanAddRecipeDialog.tsx(31,42): error TS1135: Argument expression expected.
src/components/Domain/Mealplan/MealPlanDatePicker.tsx(18,50): error TS1005: ')' expected.
src/components/Domain/Mealplan/MealPlanDatePicker.tsx(18,51): error TS1128: Declaration or statement expected.
src/components/Domain/Mealplan/MealPlanDatePicker.tsx(20,37): error TS1005: ',' expected.
src/components/Domain/Mealplan/MealPlanDay.tsx(17,73): error TS1005: '=>' expected.
src/components/Domain/Mealplan/MealPlanDay.tsx(24,79): error TS1128: Declaration or statement expected.
src/components/Domain/Mealplan/MealPlanDay.tsx(25,4): error TS1005: ',' expected.
src/components/Domain/Mealplan/MealPlanDay.tsx(86,63): error TS1005: ')' expected.
src/components/Domain/Mealplan/MealPlanDay.tsx(128,67): error TS1005: '...' expected.
src/components/Domain/Mealplan/MealPlanDay.tsx(162,1): error TS1128: Declaration or statement expected.
src/components/Domain/QueryFilterBuilder.tsx(35,3): error TS1109: Expression expected.
src/components/Domain/QueryFilterBuilder.tsx(331,48): error TS1109: Expression expected.
src/components/Domain/QueryFilterBuilder.tsx(332,59): error TS1109: Expression expected.
src/components/Domain/QueryFilterBuilder.tsx(471,72): error TS1109: Expression expected.
src/components/Domain/QueryFilterBuilder.tsx(491,78): error TS1109: Expression expected.
src/components/Domain/QueryFilterBuilder.tsx(510,69): error TS1005: '...' expected.
src/components/Domain/QueryFilterBuilder.tsx(523,83): error TS1005: '...' expected.
src/components/Domain/QueryFilterBuilder.tsx(525,83): error TS1005: '...' expected.
src/components/Domain/QueryFilterBuilder.tsx(527,83): error TS1005: '...' expected.
src/components/Domain/QueryFilterBuilder.tsx(529,83): error TS1005: '...' expected.
src/components/Domain/QueryFilterBuilder.tsx(531,83): error TS1005: '...' expected.
src/components/Domain/QueryFilterBuilder.tsx(533,83): error TS1005: '...' expected.
src/components/Domain/QueryFilterBuilder.tsx(535,83): error TS1005: '...' expected.
src/components/Domain/QueryFilterBuilder.tsx(565,27): error TS1005: '}' expected.
src/components/Domain/QueryFilterBuilder.tsx(565,31): error TS1381: Unexpected token. Did you mean `{'}'}` or `&rbrace;`?
src/components/Domain/QueryFilterBuilder.tsx(565,34): error TS1382: Unexpected token. Did you mean `{'>'}` or `&gt;`?
src/components/Domain/Recipe/RecipeActionMenu.tsx(42,3): error TS1109: Expression expected.
src/components/Domain/Recipe/RecipeActionMenu.tsx(102,23): error TS1005: '}' expected.
src/components/Domain/Recipe/RecipeActionMenu.tsx(102,27): error TS1381: Unexpected token. Did you mean `{'}'}` or `&rbrace;`?
src/components/Domain/Recipe/RecipeActionMenu.tsx(102,30): error TS1382: Unexpected token. Did you mean `{'>'}` or `&gt;`?
src/components/Domain/Recipe/RecipeAssets.tsx(22,3): error TS1109: Expression expected.
src/components/Domain/Recipe/RecipeAssets.tsx(230,70): error TS1005: '...' expected.
src/components/Domain/Recipe/RecipeAssets.tsx(233,27): error TS1005: '}' expected.
src/components/Domain/Recipe/RecipeAssets.tsx(233,31): error TS1381: Unexpected token. Did you mean `{'}'}` or `&rbrace;`?
src/components/Domain/Recipe/RecipeAssets.tsx(233,34): error TS1382: Unexpected token. Did you mean `{'>'}` or `&gt;`?
src/components/Domain/Recipe/RecipeAssets.tsx(235,68): error TS1005: '...' expected.
src/components/Domain/Recipe/RecipeAssets.tsx(238,70): error TS1005: '...' expected.
src/components/Domain/Recipe/RecipeAssets.tsx(241,79): error TS1005: '...' expected.
src/components/Domain/Recipe/RecipeCard.tsx(82,35): error TS1005: '}' expected.
src/components/Domain/Recipe/RecipeCard.tsx(82,39): error TS1381: Unexpected token. Did you mean `{'}'}` or `&rbrace;`?
src/components/Domain/Recipe/RecipeCard.tsx(82,42): error TS1382: Unexpected token. Did you mean `{'>'}` or `&gt;`?
src/components/Domain/Recipe/RecipeCardLineItem.tsx(26,5): error TS1005: ',' expected.
src/components/Domain/Recipe/RecipeCardLineItem.tsx(27,4): error TS1128: Declaration or statement expected.
src/components/Domain/Recipe/RecipeCardLineItem.tsx(56,1): error TS1128: Declaration or statement expected.
src/components/Domain/Recipe/RecipeCardRating.tsx(14,3): error TS1109: Expression expected.
src/components/Domain/Recipe/RecipeCardRating.tsx(24,85): error TS1005: ')' expected.
src/components/Domain/Recipe/RecipeCardSection.tsx(66,58): error TS1005: ')' expected.
src/components/Domain/Recipe/RecipeCardSection.tsx(66,59): error TS1128: Declaration or statement expected.
src/components/Domain/Recipe/RecipeCardSection.tsx(66,70): error TS1005: ';' expected.
src/components/Domain/Recipe/RecipeCardSection.tsx(310,27): error TS1005: '}' expected.
src/components/Domain/Recipe/RecipeCardSection.tsx(310,31): error TS1381: Unexpected token. Did you mean `{'}'}` or `&rbrace;`?
src/components/Domain/Recipe/RecipeCardSection.tsx(310,34): error TS1382: Unexpected token. Did you mean `{'>'}` or `&gt;`?
src/components/Domain/Recipe/RecipeContextMenu/RecipeContextMenu.tsx(32,13): error TS1359: Identifier expected. 'true' is a reserved word that cannot be used here.
src/components/Domain/Recipe/RecipeContextMenu/RecipeContextMenu.tsx(32,17): error TS1005: ':' expected.
src/components/Domain/Recipe/RecipeContextMenu/RecipeContextMenu.tsx(33,11): error TS1359: Identifier expected. 'true' is a reserved word that cannot be used here.
src/components/Domain/Recipe/RecipeContextMenu/RecipeContextMenu.tsx(33,15): error TS1005: ':' expected.
src/components/Domain/Recipe/RecipeContextMenu/RecipeContextMenu.tsx(34,15): error TS1359: Identifier expected. 'true' is a reserved word that cannot be used here.
src/components/Domain/Recipe/RecipeContextMenu/RecipeContextMenu.tsx(34,19): error TS1005: ':' expected.
src/components/Domain/Recipe/RecipeContextMenu/RecipeContextMenu.tsx(35,16): error TS1359: Identifier expected. 'false' is a reserved word that cannot be used here.
src/components/Domain/Recipe/RecipeContextMenu/RecipeContextMenu.tsx(35,21): error TS1005: ':' expected.
src/components/Domain/Recipe/RecipeContextMenu/RecipeContextMenu.tsx(36,18): error TS1359: Identifier expected. 'true' is a reserved word that cannot be used here.
src/components/Domain/Recipe/RecipeContextMenu/RecipeContextMenu.tsx(36,22): error TS1005: ':' expected.
src/components/Domain/Recipe/RecipeContextMenu/RecipeContextMenu.tsx(37,19): error TS1359: Identifier expected. 'true' is a reserved word that cannot be used here.
src/components/Domain/Recipe/RecipeContextMenu/RecipeContextMenu.tsx(37,23): error TS1005: ':' expected.
src/components/Domain/Recipe/RecipeContextMenu/RecipeContextMenu.tsx(38,12): error TS1359: Identifier expected. 'true' is a reserved word that cannot be used here.
src/components/Domain/Recipe/RecipeContextMenu/RecipeContextMenu.tsx(38,16): error TS1005: ':' expected.
src/components/Domain/Recipe/RecipeContextMenu/RecipeContextMenu.tsx(39,23): error TS1359: Identifier expected. 'true' is a reserved word that cannot be used here.
src/components/Domain/Recipe/RecipeContextMenu/RecipeContextMenu.tsx(39,27): error TS1005: ':' expected.
src/components/Domain/Recipe/RecipeContextMenu/RecipeContextMenu.tsx(40,12): error TS1359: Identifier expected. 'true' is a reserved word that cannot be used here.
src/components/Domain/Recipe/RecipeContextMenu/RecipeContextMenu.tsx(40,16): error TS1005: ':' expected.
src/components/Domain/Recipe/RecipeContextMenu/RecipeContextMenu.tsx(41,20): error TS1359: Identifier expected. 'true' is a reserved word that cannot be used here.
src/components/Domain/Recipe/RecipeContextMenu/RecipeContextMenu.tsx(41,24): error TS1005: ':' expected.
src/components/Domain/Recipe/RecipeContextMenu/RecipeContextMenu.tsx(41,36): error TS1005: '=>' expected.
src/components/Domain/Recipe/RecipeContextMenu/RecipeContextMenu.tsx(42,79): error TS1128: Declaration or statement expected.
src/components/Domain/Recipe/RecipeContextMenu/RecipeContextMenu.tsx(44,17): error TS1005: ';' expected.
src/components/Domain/Recipe/RecipeContextMenu/RecipeContextMenu.tsx(45,12): error TS1005: ';' expected.
src/components/Domain/Recipe/RecipeContextMenu/RecipeContextMenu.tsx(46,8): error TS1005: ';' expected.
src/components/Domain/Recipe/RecipeContextMenu/RecipeContextMenu.tsx(47,10): error TS1005: ';' expected.
src/components/Domain/Recipe/RecipeContextMenu/RecipeContextMenu.tsx(48,13): error TS1005: ';' expected.
src/components/Domain/Recipe/RecipeContextMenu/RecipeContextMenu.tsx(49,11): error TS1005: ';' expected.
src/components/Domain/Recipe/RecipeContextMenu/RecipeContextMenu.tsx(50,16): error TS1005: ';' expected.
src/components/Domain/Recipe/RecipeContextMenu/RecipeContextMenu.tsx(51,3): error TS1109: Expression expected.
src/components/Domain/Recipe/RecipeContextMenu/RecipeContextMenu.tsx(51,4): error TS1005: ',' expected.
src/components/Domain/Recipe/RecipeContextMenu/RecipeContextMenu.tsx(103,1): error TS1128: Declaration or statement expected.
src/components/Domain/Recipe/RecipeContextMenu/RecipeContextMenuContent.tsx(61,13): error TS1359: Identifier expected. 'true' is a reserved word that cannot be used here.
src/components/Domain/Recipe/RecipeContextMenu/RecipeContextMenuContent.tsx(61,17): error TS1005: ':' expected.
src/components/Domain/Recipe/RecipeContextMenu/RecipeContextMenuContent.tsx(62,11): error TS1359: Identifier expected. 'true' is a reserved word that cannot be used here.
src/components/Domain/Recipe/RecipeContextMenu/RecipeContextMenuContent.tsx(62,15): error TS1005: ':' expected.
src/components/Domain/Recipe/RecipeContextMenu/RecipeContextMenuContent.tsx(63,15): error TS1359: Identifier expected. 'true' is a reserved word that cannot be used here.
src/components/Domain/Recipe/RecipeContextMenu/RecipeContextMenuContent.tsx(63,19): error TS1005: ':' expected.
src/components/Domain/Recipe/RecipeContextMenu/RecipeContextMenuContent.tsx(64,16): error TS1359: Identifier expected. 'false' is a reserved word that cannot be used here.
src/components/Domain/Recipe/RecipeContextMenu/RecipeContextMenuContent.tsx(64,21): error TS1005: ':' expected.
src/components/Domain/Recipe/RecipeContextMenu/RecipeContextMenuContent.tsx(65,18): error TS1359: Identifier expected. 'true' is a reserved word that cannot be used here.
src/components/Domain/Recipe/RecipeContextMenu/RecipeContextMenuContent.tsx(65,22): error TS1005: ':' expected.
src/components/Domain/Recipe/RecipeContextMenu/RecipeContextMenuContent.tsx(66,19): error TS1359: Identifier expected. 'true' is a reserved word that cannot be used here.
src/components/Domain/Recipe/RecipeContextMenu/RecipeContextMenuContent.tsx(66,23): error TS1005: ':' expected.
src/components/Domain/Recipe/RecipeContextMenu/RecipeContextMenuContent.tsx(67,12): error TS1359: Identifier expected. 'true' is a reserved word that cannot be used here.
src/components/Domain/Recipe/RecipeContextMenu/RecipeContextMenuContent.tsx(67,16): error TS1005: ':' expected.
src/components/Domain/Recipe/RecipeContextMenu/RecipeContextMenuContent.tsx(68,23): error TS1359: Identifier expected. 'true' is a reserved word that cannot be used here.
src/components/Domain/Recipe/RecipeContextMenu/RecipeContextMenuContent.tsx(68,27): error TS1005: ':' expected.
src/components/Domain/Recipe/RecipeContextMenu/RecipeContextMenuContent.tsx(69,12): error TS1359: Identifier expected. 'true' is a reserved word that cannot be used here.
src/components/Domain/Recipe/RecipeContextMenu/RecipeContextMenuContent.tsx(69,16): error TS1005: ':' expected.
src/components/Domain/Recipe/RecipeContextMenu/RecipeContextMenuContent.tsx(70,20): error TS1359: Identifier expected. 'true' is a reserved word that cannot be used here.
src/components/Domain/Recipe/RecipeContextMenu/RecipeContextMenuContent.tsx(70,24): error TS1005: ':' expected.
src/components/Domain/Recipe/RecipeContextMenu/RecipeContextMenuContent.tsx(70,36): error TS1005: '=>' expected.
src/components/Domain/Recipe/RecipeContextMenu/RecipeContextMenuContent.tsx(73,79): error TS1128: Declaration or statement expected.
src/components/Domain/Recipe/RecipeContextMenu/RecipeContextMenuContent.tsx(75,17): error TS1005: ';' expected.
src/components/Domain/Recipe/RecipeContextMenu/RecipeContextMenuContent.tsx(76,12): error TS1005: ';' expected.
src/components/Domain/Recipe/RecipeContextMenu/RecipeContextMenuContent.tsx(77,8): error TS1005: ';' expected.
src/components/Domain/Recipe/RecipeContextMenu/RecipeContextMenuContent.tsx(78,10): error TS1005: ';' expected.
src/components/Domain/Recipe/RecipeContextMenu/RecipeContextMenuContent.tsx(79,13): error TS1005: ';' expected.
src/components/Domain/Recipe/RecipeContextMenu/RecipeContextMenuContent.tsx(80,11): error TS1005: ';' expected.
src/components/Domain/Recipe/RecipeContextMenu/RecipeContextMenuContent.tsx(81,16): error TS1005: ';' expected.
src/components/Domain/Recipe/RecipeContextMenu/RecipeContextMenuContent.tsx(82,3): error TS1109: Expression expected.
src/components/Domain/Recipe/RecipeContextMenu/RecipeContextMenuContent.tsx(82,4): error TS1005: ',' expected.
src/components/Domain/Recipe/RecipeContextMenu/RecipeContextMenuContent.tsx(216,3): error TS1135: Argument expression expected.
src/components/Domain/Recipe/RecipeContextMenu/RecipeContextMenuContent.tsx(216,7): error TS1005: ',' expected.
src/components/Domain/Recipe/RecipeContextMenu/RecipeContextMenuContent.tsx(240,97): error TS1005: ')' expected.
src/components/Domain/Recipe/RecipeContextMenu/RecipeContextMenuContent.tsx(241,3): error TS1128: Declaration or statement expected.
src/components/Domain/Recipe/RecipeContextMenu/RecipeContextMenuContent.tsx(446,1): error TS1128: Declaration or statement expected.
src/components/Domain/Recipe/RecipeDataAliasManagerDialog.tsx(91,65): error TS1005: '...' expected.
src/components/Domain/Recipe/RecipeDataSubstitutionManagerDialog.tsx(43,92): error TS1005: ')' expected.
src/components/Domain/Recipe/RecipeDataTable.tsx(31,9): error TS1359: Identifier expected. 'true' is a reserved word that cannot be used here.
src/components/Domain/Recipe/RecipeDataTable.tsx(31,13): error TS1005: ':' expected.
src/components/Domain/Recipe/RecipeDataTable.tsx(32,12): error TS1359: Identifier expected. 'false' is a reserved word that cannot be used here.
src/components/Domain/Recipe/RecipeDataTable.tsx(32,17): error TS1005: ':' expected.
src/components/Domain/Recipe/RecipeDataTable.tsx(33,11): error TS1359: Identifier expected. 'true' is a reserved word that cannot be used here.
src/components/Domain/Recipe/RecipeDataTable.tsx(33,15): error TS1005: ':' expected.
src/components/Domain/Recipe/RecipeDataTable.tsx(34,17): error TS1359: Identifier expected. 'true' is a reserved word that cannot be used here.
src/components/Domain/Recipe/RecipeDataTable.tsx(34,21): error TS1005: ':' expected.
src/components/Domain/Recipe/RecipeDataTable.tsx(35,12): error TS1359: Identifier expected. 'true' is a reserved word that cannot be used here.
src/components/Domain/Recipe/RecipeDataTable.tsx(35,16): error TS1005: ':' expected.
src/components/Domain/Recipe/RecipeDataTable.tsx(36,21): error TS1359: Identifier expected. 'true' is a reserved word that cannot be used here.
src/components/Domain/Recipe/RecipeDataTable.tsx(36,25): error TS1005: ':' expected.
src/components/Domain/Recipe/RecipeDataTable.tsx(37,26): error TS1359: Identifier expected. 'true' is a reserved word that cannot be used here.
src/components/Domain/Recipe/RecipeDataTable.tsx(37,30): error TS1005: ':' expected.
src/components/Domain/Recipe/RecipeDataTable.tsx(38,18): error TS1359: Identifier expected. 'true' is a reserved word that cannot be used here.
src/components/Domain/Recipe/RecipeDataTable.tsx(38,22): error TS1005: ':' expected.
src/components/Domain/Recipe/RecipeDataTable.tsx(39,16): error TS1359: Identifier expected. 'true' is a reserved word that cannot be used here.
src/components/Domain/Recipe/RecipeDataTable.tsx(39,20): error TS1005: ':' expected.
src/components/Domain/Recipe/RecipeDataTable.tsx(39,32): error TS1005: '=>' expected.
src/components/Domain/Recipe/RecipeDataTable.tsx(40,79): error TS1128: Declaration or statement expected.
src/components/Domain/Recipe/RecipeDataTable.tsx(41,4): error TS1005: ',' expected.
src/components/Domain/Recipe/RecipeDataTable.tsx(158,1): error TS1128: Declaration or statement expected.
src/components/Domain/Recipe/RecipeDialogAddToShoppingList.tsx(334,84): error TS1005: '...' expected.
src/components/Domain/Recipe/RecipeDialogBulkAdd.tsx(26,43): error TS1135: Argument expression expected.
src/components/Domain/Recipe/RecipeDialogBulkAdd.tsx(26,48): error TS1005: ')' expected.
src/components/Domain/Recipe/RecipeDialogBulkAdd.tsx(77,72): error TS1005: ',' expected.
src/components/Domain/Recipe/RecipeDialogPrintPreferences.tsx(33,84): error TS1005: '...' expected.
src/components/Domain/Recipe/RecipeDialogPrintPreferences.tsx(52,87): error TS1005: '...' expected.
src/components/Domain/Recipe/RecipeDialogPrintPreferences.tsx(56,81): error TS1005: '...' expected.
src/components/Domain/Recipe/RecipeDialogPrintPreferences.tsx(63,85): error TS1005: '...' expected.
src/components/Domain/Recipe/RecipeDialogPrintPreferences.tsx(67,90): error TS1005: '...' expected.
src/components/Domain/Recipe/RecipeDialogPrintPreferences.tsx(74,93): error TS1005: '...' expected.
src/components/Domain/Recipe/RecipeDialogPrintPreferences.tsx(78,89): error TS1005: '...' expected.
src/components/Domain/Recipe/RecipeDialogSearch.tsx(161,79): error TS1005: '...' expected.
src/components/Domain/Recipe/RecipeDialogShare.tsx(27,75): error TS1005: ')' expected.
src/components/Domain/Recipe/RecipeDialogShare.tsx(27,117): error TS1005: ';' expected.
src/components/Domain/Recipe/RecipeDialogShare.tsx(27,118): error TS1128: Declaration or statement expected.
src/components/Domain/Recipe/RecipeExplorerPage/RecipeExplorerPageParts/RecipeExplorerPageSearch.tsx(62,54): error TS1005: ',' expected.
src/components/Domain/Recipe/RecipeExplorerPage/RecipeExplorerPageParts/RecipeExplorerPageSearch.tsx(113,71): error TS1005: '...' expected.
src/components/Domain/Recipe/RecipeExplorerPage/RecipeExplorerPageParts/RecipeExplorerPageSearch.tsx(164,70): error TS1005: '...' expected.
src/components/Domain/Recipe/RecipeExplorerPage/RecipeExplorerPageParts/RecipeExplorerPageSearchFilters.tsx(59,157): error TS1005: '...' expected.
src/components/Domain/Recipe/RecipeExplorerPage/RecipeExplorerPageParts/RecipeExplorerPageSearchFilters.tsx(67,139): error TS1005: '...' expected.
src/components/Domain/Recipe/RecipeExplorerPage/RecipeExplorerPageParts/RecipeExplorerPageSearchFilters.tsx(75,142): error TS1005: '...' expected.
src/components/Domain/Recipe/RecipeExplorerPage/RecipeExplorerPageParts/RecipeExplorerPageSearchFilters.tsx(83,142): error TS1005: '...' expected.
src/components/Domain/Recipe/RecipeImageLightbox.tsx(64,5): error TS1005: ',' expected.
src/components/Domain/Recipe/RecipeImageLightbox.tsx(66,4): error TS1128: Declaration or statement expected.
src/components/Domain/Recipe/RecipeImageLightbox.tsx(151,16): error TS1005: ',' expected.
src/components/Domain/Recipe/RecipeImageLightbox.tsx(176,1): error TS1128: Declaration or statement expected.
src/components/Domain/Recipe/RecipeImageUploadBtn.tsx(66,98): error TS1005: ',' expected.
src/components/Domain/Recipe/RecipeImageUploadBtn.tsx(67,3): error TS1128: Declaration or statement expected.
src/components/Domain/Recipe/RecipeIngredientEditor.tsx(44,3): error TS1109: Expression expected.
src/components/Domain/Recipe/RecipeIngredientEditor.tsx(64,47): error TS1005: ':' expected.
src/components/Domain/Recipe/RecipeIngredientEditor.tsx(65,11): error TS1136: Property assignment expected.
src/components/Domain/Recipe/RecipeIngredientEditor.tsx(66,14): error TS1005: ';' expected.
src/components/Domain/Recipe/RecipeIngredientEditor.tsx(67,7): error TS1109: Expression expected.
src/components/Domain/Recipe/RecipeIngredientEditor.tsx(67,8): error TS1128: Declaration or statement expected.
src/components/Domain/Recipe/RecipeIngredientEditor.tsx(70,14): error TS1005: ';' expected.
src/components/Domain/Recipe/RecipeIngredientEditor.tsx(71,7): error TS1109: Expression expected.
src/components/Domain/Recipe/RecipeIngredientEditor.tsx(71,8): error TS1128: Declaration or statement expected.
src/components/Domain/Recipe/RecipeIngredientEditor.tsx(76,14): error TS1005: ';' expected.
src/components/Domain/Recipe/RecipeIngredientEditor.tsx(77,7): error TS1109: Expression expected.
src/components/Domain/Recipe/RecipeIngredientEditor.tsx(77,8): error TS1128: Declaration or statement expected.
src/components/Domain/Recipe/RecipeIngredientEditor.tsx(80,14): error TS1005: ';' expected.
src/components/Domain/Recipe/RecipeIngredientEditor.tsx(81,7): error TS1109: Expression expected.
src/components/Domain/Recipe/RecipeIngredientEditor.tsx(81,8): error TS1128: Declaration or statement expected.
src/components/Domain/Recipe/RecipeIngredientEditor.tsx(84,14): error TS1005: ';' expected.
src/components/Domain/Recipe/RecipeIngredientEditor.tsx(85,7): error TS1109: Expression expected.
src/components/Domain/Recipe/RecipeIngredientEditor.tsx(85,8): error TS1128: Declaration or statement expected.
src/components/Domain/Recipe/RecipeIngredientEditor.tsx(86,5): error TS1128: Declaration or statement expected.
src/components/Domain/Recipe/RecipeIngredientEditor.tsx(89,3): error TS1128: Declaration or statement expected.
src/components/Domain/Recipe/RecipeIngredientEditor.tsx(89,4): error TS1128: Declaration or statement expected.
src/components/Domain/Recipe/RecipeIngredientEditor.tsx(95,41): error TS1005: ',' expected.
src/components/Domain/Recipe/RecipeIngredientEditor.tsx(124,40): error TS1005: '=>' expected.
src/components/Domain/Recipe/RecipeIngredientEditor.tsx(125,3): error TS1128: Declaration or statement expected.
src/components/Domain/Recipe/RecipeIngredientEditor.tsx(160,40): error TS1005: '=>' expected.
src/components/Domain/Recipe/RecipeIngredientEditor.tsx(161,3): error TS1128: Declaration or statement expected.
src/components/Domain/Recipe/RecipeIngredientEditor.tsx(243,56): error TS1005: '...' expected.
src/components/Domain/Recipe/RecipeIngredientEditor.tsx(261,68): error TS1005: '...' expected.
src/components/Domain/Recipe/RecipeIngredientEditor.tsx(263,87): error TS1005: '...' expected.
src/components/Domain/Recipe/RecipeIngredientEditor.tsx(295,89): error TS1005: '...' expected.
src/components/Domain/Recipe/RecipeIngredientEditor.tsx(328,97): error TS1005: '...' expected.
src/components/Domain/Recipe/RecipeIngredientEditor.tsx(328,138): error TS1005: '...' expected.
src/components/Domain/Recipe/RecipeIngredientEditor.tsx(331,61): error TS1005: '...' expected.
src/components/Domain/Recipe/RecipeIngredientEditor.tsx(352,1): error TS1128: Declaration or statement expected.
src/components/Domain/Recipe/RecipeIngredientHtml.tsx(12,3): error TS1109: Expression expected.
src/components/Domain/Recipe/RecipeIngredientListItem.tsx(20,72): error TS1109: Expression expected.
src/components/Domain/Recipe/RecipeIngredientListItem.tsx(24,80): error TS1135: Argument expression expected.
src/components/Domain/Recipe/RecipeIngredientListItem.tsx(24,85): error TS1005: ')' expected.
src/components/Domain/Recipe/RecipeIngredients.tsx(31,76): error TS1005: ')' expected.
src/components/Domain/Recipe/RecipeIngredients.tsx(55,28): error TS1109: Expression expected.
src/components/Domain/Recipe/RecipeIngredients.tsx(55,47): error TS1005: ':' expected.
src/components/Domain/Recipe/RecipeIngredientSubstitutionEditor.tsx(47,81): error TS1005: '...' expected.
src/components/Domain/Recipe/RecipeIngredientSubstitutionEditor.tsx(49,66): error TS1005: '...' expected.
src/components/Domain/Recipe/RecipeIngredientSubstitutions.tsx(31,78): error TS1005: ')' expected.
src/components/Domain/Recipe/RecipeIngredientSubstitutions.tsx(40,48): error TS1005: ',' expected.
src/components/Domain/Recipe/RecipeLastMade.tsx(39,88): error TS1005: ')' expected.
src/components/Domain/Recipe/RecipeLastMade.tsx(39,89): error TS1128: Declaration or statement expected.
src/components/Domain/Recipe/RecipeLastMade.tsx(47,21): error TS1109: Expression expected.
src/components/Domain/Recipe/RecipeLastMade.tsx(59,63): error TS1005: ')' expected.
src/components/Domain/Recipe/RecipeLastMade.tsx(71,4): error TS1128: Declaration or statement expected.
src/components/Domain/Recipe/RecipeLastMade.tsx(226,90): error TS1005: '...' expected.
src/components/Domain/Recipe/RecipeLastMade.tsx(257,35): error TS1005: '}' expected.
src/components/Domain/Recipe/RecipeLastMade.tsx(257,39): error TS1381: Unexpected token. Did you mean `{'}'}` or `&rbrace;`?
src/components/Domain/Recipe/RecipeLastMade.tsx(257,42): error TS1382: Unexpected token. Did you mean `{'>'}` or `&gt;`?
src/components/Domain/Recipe/RecipeLastMade.tsx(317,1): error TS1128: Declaration or statement expected.
src/components/Domain/Recipe/RecipeList.tsx(66,5): error TS1005: ',' expected.
src/components/Domain/Recipe/RecipeList.tsx(109,4): error TS1128: Declaration or statement expected.
src/components/Domain/Recipe/RecipeList.tsx(139,1): error TS1128: Declaration or statement expected.
src/components/Domain/Recipe/RecipeNotes.tsx(42,78): error TS1005: '...' expected.
src/components/Domain/Recipe/RecipeNotes.tsx(49,85): error TS1005: '...' expected.
src/components/Domain/Recipe/RecipeNutrition.tsx(47,4): error TS1128: Declaration or statement expected.
src/components/Domain/Recipe/RecipeNutrition.tsx(95,1): error TS1128: Declaration or statement expected.
src/components/Domain/Recipe/RecipeOrganizerDialog.tsx(57,26): error TS1005: '{' expected.
src/components/Domain/Recipe/RecipeOrganizerDialog.tsx(58,7): error TS1128: Declaration or statement expected.
src/components/Domain/Recipe/RecipeOrganizerDialog.tsx(58,25): error TS1005: ';' expected.
src/components/Domain/Recipe/RecipeOrganizerDialog.tsx(65,7): error TS1128: Declaration or statement expected.
src/components/Domain/Recipe/RecipeOrganizerDialog.tsx(65,26): error TS1005: ';' expected.
src/components/Domain/Recipe/RecipeOrganizerDialog.tsx(72,7): error TS1128: Declaration or statement expected.
src/components/Domain/Recipe/RecipeOrganizerDialog.tsx(72,14): error TS1128: Declaration or statement expected.
src/components/Domain/Recipe/RecipeOrganizerDialog.tsx(80,3): error TS1128: Declaration or statement expected.
src/components/Domain/Recipe/RecipeOrganizerDialog.tsx(80,4): error TS1128: Declaration or statement expected.
src/components/Domain/Recipe/RecipeOrganizerDialog.tsx(114,1): error TS1128: Declaration or statement expected.
src/components/Domain/Recipe/RecipeOrganizerPage.tsx(52,82): error TS1109: Expression expected.
src/components/Domain/Recipe/RecipeOrganizerPage.tsx(115,27): error TS1135: Argument expression expected.
src/components/Domain/Recipe/RecipeOrganizerPage.tsx(115,32): error TS1005: ')' expected.
src/components/Domain/Recipe/RecipeOrganizerPage.tsx(118,5): error TS1005: ',' expected.
src/components/Domain/Recipe/RecipeOrganizerPage.tsx(120,4): error TS1128: Declaration or statement expected.
src/components/Domain/Recipe/RecipeOrganizerPage.tsx(154,74): error TS1005: '...' expected.
src/components/Domain/Recipe/RecipeOrganizerPage.tsx(157,62): error TS1005: '...' expected.
src/components/Domain/Recipe/RecipeOrganizerPage.tsx(170,62): error TS1005: '...' expected.
src/components/Domain/Recipe/RecipeOrganizerPage.tsx(173,68): error TS1005: '...' expected.
src/components/Domain/Recipe/RecipeOrganizerPage.tsx(176,79): error TS1005: '...' expected.
src/components/Domain/Recipe/RecipeOrganizerPage.tsx(194,27): error TS1005: '}' expected.
src/components/Domain/Recipe/RecipeOrganizerPage.tsx(194,31): error TS1381: Unexpected token. Did you mean `{'}'}` or `&rbrace;`?
src/components/Domain/Recipe/RecipeOrganizerPage.tsx(194,34): error TS1382: Unexpected token. Did you mean `{'>'}` or `&gt;`?
src/components/Domain/Recipe/RecipeOrganizerPage.tsx(228,1): error TS1128: Declaration or statement expected.
src/components/Domain/Recipe/RecipeOrganizerSelector.tsx(22,77): error TS1005: '=>' expected.
src/components/Domain/Recipe/RecipeOrganizerSelector.tsx(25,79): error TS1128: Declaration or statement expected.
src/components/Domain/Recipe/RecipeOrganizerSelector.tsx(27,14): error TS1005: ';' expected.
src/components/Domain/Recipe/RecipeOrganizerSelector.tsx(28,13): error TS1005: ';' expected.
src/components/Domain/Recipe/RecipeOrganizerSelector.tsx(29,12): error TS1005: ';' expected.
src/components/Domain/Recipe/RecipeOrganizerSelector.tsx(30,3): error TS1109: Expression expected.
src/components/Domain/Recipe/RecipeOrganizerSelector.tsx(30,4): error TS1005: ',' expected.
src/components/Domain/Recipe/RecipeOrganizerSelector.tsx(55,5): error TS1005: ',' expected.
src/components/Domain/Recipe/RecipeOrganizerSelector.tsx(73,3): error TS1128: Declaration or statement expected.
src/components/Domain/Recipe/RecipeOrganizerSelector.tsx(73,4): error TS1128: Declaration or statement expected.
src/components/Domain/Recipe/RecipeOrganizerSelector.tsx(80,5): error TS1005: ',' expected.
src/components/Domain/Recipe/RecipeOrganizerSelector.tsx(98,3): error TS1128: Declaration or statement expected.
src/components/Domain/Recipe/RecipeOrganizerSelector.tsx(98,4): error TS1128: Declaration or statement expected.
src/components/Domain/Recipe/RecipeOrganizerSelector.tsx(101,21): error TS1005: '=>' expected.
src/components/Domain/Recipe/RecipeOrganizerSelector.tsx(102,7): error TS1128: Declaration or statement expected.
src/components/Domain/Recipe/RecipeOrganizerSelector.tsx(103,3): error TS1109: Expression expected.
src/components/Domain/Recipe/RecipeOrganizerSelector.tsx(208,1): error TS1128: Declaration or statement expected.
src/components/Domain/Recipe/RecipePage/RecipePage.tsx(55,3): error TS1135: Argument expression expected.
src/components/Domain/Recipe/RecipePage/RecipePage.tsx(55,7): error TS1005: ',' expected.
src/components/Domain/Recipe/RecipePage/RecipePage.tsx(57,73): error TS1005: ')' expected.
src/components/Domain/Recipe/RecipePage/RecipePage.tsx(93,68): error TS1005: ')' expected.
src/components/Domain/Recipe/RecipePage/RecipePage.tsx(98,4): error TS1128: Declaration or statement expected.
src/components/Domain/Recipe/RecipePage/RecipePage.tsx(135,27): error TS1109: Expression expected.
src/components/Domain/Recipe/RecipePage/RecipePage.tsx(135,36): error TS1005: ')' expected.
src/components/Domain/Recipe/RecipePage/RecipePage.tsx(136,19): error TS1005: ';' expected.
src/components/Domain/Recipe/RecipePage/RecipePage.tsx(191,5): error TS1135: Argument expression expected.
src/components/Domain/Recipe/RecipePage/RecipePage.tsx(191,9): error TS1005: ';' expected.
src/components/Domain/Recipe/RecipePage/RecipePage.tsx(192,3): error TS1128: Declaration or statement expected.
src/components/Domain/Recipe/RecipePage/RecipePage.tsx(192,4): error TS1128: Declaration or statement expected.
src/components/Domain/Recipe/RecipePage/RecipePage.tsx(386,93): error TS1005: '...' expected.
src/components/Domain/Recipe/RecipePage/RecipePage.tsx(386,135): error TS1005: '...' expected.
src/components/Domain/Recipe/RecipePage/RecipePage.tsx(401,69): error TS1005: '...' expected.
src/components/Domain/Recipe/RecipePage/RecipePage.tsx(442,87): error TS1005: '...' expected.
src/components/Domain/Recipe/RecipePage/RecipePage.tsx(442,129): error TS1005: '...' expected.
src/components/Domain/Recipe/RecipePage/RecipePage.tsx(451,83): error TS1005: '...' expected.
src/components/Domain/Recipe/RecipePage/RecipePage.tsx(451,125): error TS1005: '...' expected.
src/components/Domain/Recipe/RecipePage/RecipePage.tsx(474,1): error TS1128: Declaration or statement expected.
src/components/Domain/Recipe/RecipePage/RecipePageParts/RecipePageEditorToolbar.tsx(74,67): error TS1005: '...' expected.
src/components/Domain/Recipe/RecipePage/RecipePageParts/RecipePageEditorToolbar.tsx(75,23): error TS1005: '}' expected.
src/components/Domain/Recipe/RecipePage/RecipePageParts/RecipePageEditorToolbar.tsx(75,27): error TS1381: Unexpected token. Did you mean `{'}'}` or `&rbrace;`?
src/components/Domain/Recipe/RecipePage/RecipePageParts/RecipePageEditorToolbar.tsx(75,30): error TS1382: Unexpected token. Did you mean `{'>'}` or `&gt;`?
src/components/Domain/Recipe/RecipePage/RecipePageParts/RecipePageEditorToolbar.tsx(77,63): error TS1005: '...' expected.
src/components/Domain/Recipe/RecipePage/RecipePageParts/RecipePageFooter.tsx(50,60): error TS1005: '...' expected.
src/components/Domain/Recipe/RecipePage/RecipePageParts/RecipePageFooter.tsx(72,75): error TS1005: '...' expected.
src/components/Domain/Recipe/RecipePage/RecipePageParts/RecipePageInfoCardImage.tsx(50,64): error TS1005: ':' expected.
src/components/Domain/Recipe/RecipePage/RecipePageParts/RecipePageInfoCardImage.tsx(51,7): error TS1128: Declaration or statement expected.
src/components/Domain/Recipe/RecipePage/RecipePageParts/RecipePageInfoCardImage.tsx(52,4): error TS1128: Declaration or statement expected.
src/components/Domain/Recipe/RecipePage/RecipePageParts/RecipePageInfoCardImage.tsx(70,1): error TS1128: Declaration or statement expected.
src/components/Domain/Recipe/RecipePage/RecipePageParts/RecipePageInfoEditor.tsx(17,54): error TS1005: '...' expected.
src/components/Domain/Recipe/RecipePage/RecipePageParts/RecipePageInfoEditor.tsx(33,67): error TS1005: '...' expected.
src/components/Domain/Recipe/RecipePage/RecipePageParts/RecipePageInfoEditor.tsx(38,72): error TS1005: '...' expected.
src/components/Domain/Recipe/RecipePage/RecipePageParts/RecipePageInfoEditor.tsx(38,117): error TS1005: '...' expected.
src/components/Domain/Recipe/RecipePage/RecipePageParts/RecipePageInfoEditor.tsx(40,71): error TS1005: '...' expected.
src/components/Domain/Recipe/RecipePage/RecipePageParts/RecipePageInfoEditor.tsx(40,115): error TS1005: '...' expected.
src/components/Domain/Recipe/RecipePage/RecipePageParts/RecipePageInfoEditor.tsx(42,74): error TS1005: '...' expected.
src/components/Domain/Recipe/RecipePage/RecipePageParts/RecipePageInfoEditor.tsx(42,121): error TS1005: '...' expected.
src/components/Domain/Recipe/RecipePage/RecipePageParts/RecipePageInfoEditor.tsx(44,71): error TS1005: '...' expected.
src/components/Domain/Recipe/RecipePage/RecipePageParts/RecipePageIngredientEditor.tsx(27,5): error TS1005: ',' expected.
src/components/Domain/Recipe/RecipePage/RecipePageParts/RecipePageIngredientEditor.tsx(35,4): error TS1128: Declaration or statement expected.
src/components/Domain/Recipe/RecipePage/RecipePageParts/RecipePageIngredientEditor.tsx(158,71): error TS1005: '...' expected.
src/components/Domain/Recipe/RecipePage/RecipePageParts/RecipePageIngredientEditor.tsx(166,121): error TS1005: '...' expected.
src/components/Domain/Recipe/RecipePage/RecipePageParts/RecipePageIngredientEditor.tsx(202,1): error TS1128: Declaration or statement expected.
src/components/Domain/Recipe/RecipePage/RecipePageParts/RecipePageIngredientToolsView.tsx(41,86): error TS1005: ',' expected.
src/components/Domain/Recipe/RecipePage/RecipePageParts/RecipePageIngredientToolsView.tsx(41,87): error TS1005: ')' expected.
src/components/Domain/Recipe/RecipePage/RecipePageParts/RecipePageIngredientToolsView.tsx(43,8): error TS1128: Declaration or statement expected.
src/components/Domain/Recipe/RecipePage/RecipePageParts/RecipePageIngredientToolsView.tsx(45,3): error TS1128: Declaration or statement expected.
src/components/Domain/Recipe/RecipePage/RecipePageParts/RecipePageIngredientToolsView.tsx(45,4): error TS1128: Declaration or statement expected.
src/components/Domain/Recipe/RecipePage/RecipePageParts/RecipePageIngredientToolsView.tsx(45,25): error TS1128: Declaration or statement expected.
src/components/Domain/Recipe/RecipePage/RecipePageParts/RecipePageIngredientToolsView.tsx(84,87): error TS1005: '...' expected.
src/components/Domain/Recipe/RecipePage/RecipePageParts/RecipePageIngredientToolsView.tsx(98,1): error TS1128: Declaration or statement expected.
src/components/Domain/Recipe/RecipePage/RecipePageParts/RecipePageInstructions.tsx(22,19): error TS1005: ';' expected.
src/components/Domain/Recipe/RecipePage/RecipePageParts/RecipePageInstructions.tsx(22,42): error TS1005: ':' expected.
src/components/Domain/Recipe/RecipePage/RecipePageParts/RecipePageInstructions.tsx(40,3): error TS1109: Expression expected.
src/components/Domain/Recipe/RecipePage/RecipePageParts/RecipePageInstructions.tsx(42,3): error TS1109: Expression expected.
src/components/Domain/Recipe/RecipePage/RecipePageParts/RecipePageInstructions.tsx(78,27): error TS1109: Expression expected.
src/components/Domain/Recipe/RecipePage/RecipePageParts/RecipePageInstructions.tsx(78,112): error TS1005: ')' expected.
src/components/Domain/Recipe/RecipePage/RecipePageParts/RecipePageInstructions.tsx(79,28): error TS1005: ';' expected.
src/components/Domain/Recipe/RecipePage/RecipePageParts/RecipePageInstructions.tsx(82,7): error TS1005: ',' expected.
src/components/Domain/Recipe/RecipePage/RecipePageParts/RecipePageInstructions.tsx(82,49): error TS1005: ')' expected.
src/components/Domain/Recipe/RecipePage/RecipePageParts/RecipePageInstructions.tsx(83,6): error TS1128: Declaration or statement expected.
src/components/Domain/Recipe/RecipePage/RecipePageParts/RecipePageInstructions.tsx(88,3): error TS1128: Declaration or statement expected.
src/components/Domain/Recipe/RecipePage/RecipePageParts/RecipePageInstructions.tsx(88,4): error TS1128: Declaration or statement expected.
src/components/Domain/Recipe/RecipePage/RecipePageParts/RecipePageInstructions.tsx(179,27): error TS1109: Expression expected.
src/components/Domain/Recipe/RecipePage/RecipePageParts/RecipePageInstructions.tsx(179,112): error TS1005: ')' expected.
src/components/Domain/Recipe/RecipePage/RecipePageParts/RecipePageInstructions.tsx(180,28): error TS1005: ';' expected.
src/components/Domain/Recipe/RecipePage/RecipePageParts/RecipePageInstructions.tsx(182,5): error TS1128: Declaration or statement expected.
src/components/Domain/Recipe/RecipePage/RecipePageParts/RecipePageInstructions.tsx(182,6): error TS1128: Declaration or statement expected.
src/components/Domain/Recipe/RecipePage/RecipePageParts/RecipePageInstructions.tsx(183,3): error TS1128: Declaration or statement expected.
src/components/Domain/Recipe/RecipePage/RecipePageParts/RecipePageInstructions.tsx(614,29): error TS1005: '}' expected.
src/components/Domain/Recipe/RecipePage/RecipePageParts/RecipePageInstructions.tsx(614,33): error TS1381: Unexpected token. Did you mean `{'}'}` or `&rbrace;`?
src/components/Domain/Recipe/RecipePage/RecipePageParts/RecipePageInstructions.tsx(614,36): error TS1382: Unexpected token. Did you mean `{'>'}` or `&gt;`?
src/components/Domain/Recipe/RecipePage/RecipePageParts/RecipePageInstructions.tsx(658,29): error TS1005: '}' expected.
src/components/Domain/Recipe/RecipePage/RecipePageParts/RecipePageInstructions.tsx(658,33): error TS1381: Unexpected token. Did you mean `{'}'}` or `&rbrace;`?
src/components/Domain/Recipe/RecipePage/RecipePageParts/RecipePageInstructions.tsx(658,36): error TS1382: Unexpected token. Did you mean `{'>'}` or `&gt;`?
src/components/Domain/Recipe/RecipePage/RecipePageParts/RecipePageInstructions.tsx(693,69): error TS1005: '...' expected.
src/components/Domain/Recipe/RecipePage/RecipePageParts/RecipePageInstructions.tsx(712,73): error TS1005: '...' expected.
src/components/Domain/Recipe/RecipePage/RecipePageParts/RecipePageInstructions.tsx(819,96): error TS1005: '...' expected.
src/components/Domain/Recipe/RecipePage/RecipePageParts/RecipePageInstructions.tsx(819,145): error TS1005: '...' expected.
src/components/Domain/Recipe/RecipePage/RecipePageParts/RecipePageInstructions.tsx(909,1): error TS1128: Declaration or statement expected.
src/components/Domain/Recipe/RecipePage/RecipePageParts/RecipePageOrganizers.tsx(30,86): error TS1005: '...' expected.
src/components/Domain/Recipe/RecipePage/RecipePageParts/RecipePageOrganizers.tsx(47,76): error TS1005: '...' expected.
src/components/Domain/Recipe/RecipePage/RecipePageParts/RecipePageOrganizers.tsx(63,75): error TS1005: '...' expected.
src/components/Domain/Recipe/RecipePage/RecipePageParts/RecipePageOrganizers.tsx(69,67): error TS1005: '...' expected.
src/components/Domain/Recipe/RecipePage/RecipePageParts/RecipePageOrganizers.tsx(73,61): error TS1005: '...' expected.
src/components/Domain/Recipe/RecipePage/RecipePageParts/RecipePageScale.tsx(27,5): error TS1005: ',' expected.
src/components/Domain/Recipe/RecipePage/RecipePageParts/RecipePageScale.tsx(28,4): error TS1128: Declaration or statement expected.
src/components/Domain/Recipe/RecipePage/RecipePageParts/RecipePageScale.tsx(42,1): error TS1128: Declaration or statement expected.
src/components/Domain/Recipe/RecipePage/RecipePageParts/RecipeParseDialog/ParseDialogChangeParser.tsx(17,31): error TS1005: '{' expected.
src/components/Domain/Recipe/RecipePage/RecipePageParts/RecipeParseDialog/ParseDialogChangeParser.tsx(18,7): error TS1128: Declaration or statement expected.
src/components/Domain/Recipe/RecipePage/RecipePageParts/RecipeParseDialog/ParseDialogChangeParser.tsx(18,19): error TS1005: ';' expected.
src/components/Domain/Recipe/RecipePage/RecipePageParts/RecipeParseDialog/ParseDialogChangeParser.tsx(19,7): error TS1128: Declaration or statement expected.
src/components/Domain/Recipe/RecipePage/RecipePageParts/RecipeParseDialog/ParseDialogChangeParser.tsx(19,20): error TS1005: ';' expected.
src/components/Domain/Recipe/RecipePage/RecipePageParts/RecipeParseDialog/ParseDialogChangeParser.tsx(22,3): error TS1128: Declaration or statement expected.
src/components/Domain/Recipe/RecipePage/RecipePageParts/RecipeParseDialog/ParseDialogChangeParser.tsx(22,4): error TS1128: Declaration or statement expected.
src/components/Domain/Recipe/RecipePage/RecipePageParts/RecipeParseDialog/ParseDialogChangeParser.tsx(47,120): error TS1005: '}' expected.
src/components/Domain/Recipe/RecipePage/RecipePageParts/RecipeParseDialog/ParseDialogChangeParser.tsx(48,22): error TS1381: Unexpected token. Did you mean `{'}'}` or `&rbrace;`?
src/components/Domain/Recipe/RecipePage/RecipePageParts/RecipeParseDialog/ParseDialogChangeParser.tsx(48,23): error TS1382: Unexpected token. Did you mean `{'>'}` or `&gt;`?
src/components/Domain/Recipe/RecipePage/RecipePageParts/RecipeParseDialog/ParseDialogChangeParser.tsx(50,11): error TS17002: Expected corresponding JSX closing tag for 'List'.
src/components/Domain/Recipe/RecipePage/RecipePageParts/RecipeParseDialog/ParseDialogChangeParser.tsx(51,9): error TS1381: Unexpected token. Did you mean `{'}'}` or `&rbrace;`?
src/components/Domain/Recipe/RecipePage/RecipePageParts/RecipeParseDialog/ParseDialogChangeParser.tsx(52,7): error TS17002: Expected corresponding JSX closing tag for 'BaseDialog'.
src/components/Domain/Recipe/RecipePage/RecipePageParts/RecipeParseDialog/ParseDialogChangeParser.tsx(53,5): error TS17015: Expected corresponding closing tag for JSX fragment.
src/components/Domain/Recipe/RecipePage/RecipePageParts/RecipeParseDialog/ParseDialogChangeParser.tsx(54,5): error TS1109: Expression expected.
src/components/Domain/Recipe/RecipePage/RecipePageParts/RecipeParseDialog/ParseDialogChangeParser.tsx(54,7): error TS1109: Expression expected.
src/components/Domain/Recipe/RecipePage/RecipePageParts/RecipeParseDialog/ParseDialogChangeParser.tsx(55,3): error TS1109: Expression expected.
src/components/Domain/Recipe/RecipePage/RecipePageParts/RecipeParseDialog/ParseDialogChangeParser.tsx(56,1): error TS1128: Declaration or statement expected.
src/components/Domain/Recipe/RecipePage/RecipePageParts/RecipeParseDialog/ParseDialogParse.tsx(59,79): error TS1005: '...' expected.
src/components/Domain/Recipe/RecipePage/RecipePageParts/RecipeParseDialog/ParseDialogParse.tsx(63,27): error TS1005: '}' expected.
src/components/Domain/Recipe/RecipePage/RecipePageParts/RecipeParseDialog/ParseDialogParse.tsx(63,31): error TS1381: Unexpected token. Did you mean `{'}'}` or `&rbrace;`?
src/components/Domain/Recipe/RecipePage/RecipePageParts/RecipeParseDialog/ParseDialogParse.tsx(63,34): error TS1382: Unexpected token. Did you mean `{'>'}` or `&gt;`?
src/components/Domain/Recipe/RecipePage/RecipePageParts/RecipeParseDialog/ParseDialogReview.tsx(46,69): error TS1005: '...' expected.
src/components/Domain/Recipe/RecipePage/RecipePageParts/RecipeParseDialog/ParseDialogReview.tsx(64,89): error TS1005: '...' expected.
src/components/Domain/Recipe/RecipePrintView.tsx(25,1): error TS1131: Property or signature expected.
src/components/Domain/Recipe/RecipePrintView.tsx(28,1): error TS1131: Property or signature expected.
src/components/Domain/Recipe/RecipePrintView.tsx(31,33): error TS1011: An element access expression should take an argument.
src/components/Domain/Recipe/RecipePrintView.tsx(36,30): error TS1011: An element access expression should take an argument.
src/components/Domain/Recipe/RecipePrintView.tsx(37,3): error TS1128: Declaration or statement expected.
src/components/Domain/Recipe/RecipePrintView.tsx(73,5): error TS1005: ',' expected.
src/components/Domain/Recipe/RecipePrintView.tsx(76,3): error TS1128: Declaration or statement expected.
src/components/Domain/Recipe/RecipePrintView.tsx(76,4): error TS1128: Declaration or statement expected.
src/components/Domain/Recipe/RecipePrintView.tsx(87,5): error TS1005: ',' expected.
src/components/Domain/Recipe/RecipePrintView.tsx(136,3): error TS1128: Declaration or statement expected.
src/components/Domain/Recipe/RecipePrintView.tsx(136,4): error TS1128: Declaration or statement expected.
src/components/Domain/Recipe/RecipePrintView.tsx(144,5): error TS1005: ',' expected.
src/components/Domain/Recipe/RecipePrintView.tsx(181,3): error TS1128: Declaration or statement expected.
src/components/Domain/Recipe/RecipePrintView.tsx(181,4): error TS1128: Declaration or statement expected.
src/components/Domain/Recipe/RecipePrintView.tsx(189,53): error TS1135: Argument expression expected.
src/components/Domain/Recipe/RecipePrintView.tsx(384,1): error TS1128: Declaration or statement expected.
src/components/Domain/Recipe/RecipeScaleEditButton.tsx(45,7): error TS1135: Argument expression expected.
src/components/Domain/Recipe/RecipeScaleEditButton.tsx(45,11): error TS1005: ';' expected.
src/components/Domain/Recipe/RecipeScaleEditButton.tsx(46,7): error TS1128: Declaration or statement expected.
src/components/Domain/Recipe/RecipeScaleEditButton.tsx(47,4): error TS1128: Declaration or statement expected.
src/components/Domain/Recipe/RecipeScaleEditButton.tsx(136,1): error TS1128: Declaration or statement expected.
src/components/Domain/Recipe/RecipeSelector.tsx(47,70): error TS1005: ',' expected.
src/components/Domain/Recipe/RecipeSettingsSwitches.tsx(25,72): error TS1005: '...' expected.
src/components/Domain/Recipe/RecipeSuggestion.tsx(53,38): error TS1005: ')' expected.
src/components/Domain/Recipe/RecipeSuggestion.tsx(54,41): error TS1005: ':' expected.
src/components/Domain/Recipe/RecipeSuggestion.tsx(54,109): error TS1005: ',' expected.
src/components/Domain/Recipe/RecipeSuggestion.tsx(55,12): error TS1005: ',' expected.
src/components/Domain/Recipe/RecipeSuggestion.tsx(56,9): error TS1128: Declaration or statement expected.
src/components/Domain/Recipe/RecipeSuggestion.tsx(57,15): error TS1005: ';' expected.
src/components/Domain/Recipe/RecipeSuggestion.tsx(58,5): error TS1109: Expression expected.
src/components/Domain/Recipe/RecipeSuggestion.tsx(58,6): error TS1128: Declaration or statement expected.
src/components/Domain/Recipe/RecipeSuggestion.tsx(61,11): error TS1005: ';' expected.
src/components/Domain/Recipe/RecipeSuggestion.tsx(62,11): error TS1005: ';' expected.
src/components/Domain/Recipe/RecipeSuggestion.tsx(63,12): error TS1005: ';' expected.
src/components/Domain/Recipe/RecipeSuggestion.tsx(68,15): error TS1005: ';' expected.
src/components/Domain/Recipe/RecipeSuggestion.tsx(69,5): error TS1109: Expression expected.
src/components/Domain/Recipe/RecipeSuggestion.tsx(69,6): error TS1128: Declaration or statement expected.
src/components/Domain/Recipe/RecipeSuggestion.tsx(70,3): error TS1128: Declaration or statement expected.
src/components/Domain/Recipe/RecipeSuggestion.tsx(70,4): error TS1128: Declaration or statement expected.
src/components/Domain/Recipe/RecipeSuggestion.tsx(156,1): error TS1128: Declaration or statement expected.
src/components/Domain/Recipe/RecipeTimeCard.tsx(23,85): error TS1005: ')' expected.
src/components/Domain/Recipe/RecipeTimeCard.tsx(24,82): error TS1005: ')' expected.
src/components/Domain/Recipe/RecipeTimeCard.tsx(25,91): error TS1005: ')' expected.
src/components/Domain/Recipe/RecipeTimeCard.tsx(32,63): error TS1005: ',' expected.
src/components/Domain/Recipe/RecipeTimeCard.tsx(33,4): error TS1005: ':' expected.
src/components/Domain/Recipe/RecipeTimeCard.tsx(36,61): error TS1005: ',' expected.
src/components/Domain/Recipe/RecipeTimeCard.tsx(37,4): error TS1005: ':' expected.
src/components/Domain/Recipe/RecipeTimeCard.tsx(40,67): error TS1005: ',' expected.
src/components/Domain/Recipe/RecipeTimeCard.tsx(41,4): error TS1005: ':' expected.
src/components/Domain/Recipe/RecipeTimeline.tsx(41,45): error TS1005: ')' expected.
src/components/Domain/Recipe/RecipeTimeline.tsx(47,4): error TS1128: Declaration or statement expected.
src/components/Domain/Recipe/RecipeTimeline.tsx(223,25): error TS1005: '}' expected.
src/components/Domain/Recipe/RecipeTimeline.tsx(223,29): error TS1381: Unexpected token. Did you mean `{'}'}` or `&rbrace;`?
src/components/Domain/Recipe/RecipeTimeline.tsx(223,32): error TS1382: Unexpected token. Did you mean `{'>'}` or `&gt;`?
src/components/Domain/Recipe/RecipeTimeline.tsx(283,1): error TS1128: Declaration or statement expected.
src/components/Domain/Recipe/RecipeTimelineContextMenu.tsx(38,3): error TS1109: Expression expected.
src/components/Domain/Recipe/RecipeTimelineContextMenu.tsx(118,67): error TS1005: '...' expected.
src/components/Domain/Recipe/RecipeTimelineContextMenu.tsx(120,82): error TS1005: '...' expected.
src/components/Domain/Recipe/RecipeTimelineItem.tsx(39,73): error TS1005: ')' expected.
src/components/Domain/Recipe/RecipeTimelineItem.tsx(60,5): error TS1005: ',' expected.
src/components/Domain/Recipe/RecipeTimelineItem.tsx(74,4): error TS1128: Declaration or statement expected.
src/components/Domain/Recipe/RecipeTimelineItem.tsx(87,5): error TS1005: ',' expected.
src/components/Domain/Recipe/RecipeTimelineItem.tsx(88,3): error TS1128: Declaration or statement expected.
src/components/Domain/Recipe/RecipeTimelineItem.tsx(88,4): error TS1128: Declaration or statement expected.
src/components/Domain/Recipe/RecipeTimelineItem.tsx(176,1): error TS1128: Declaration or statement expected.
src/components/Domain/Recipe/RecipeUnitSystemButton.tsx(24,88): error TS1005: ',' expected.
src/components/Domain/Recipe/RecipeUnitSystemButton.tsx(25,5): error TS1136: Property assignment expected.
src/components/Domain/Recipe/RecipeUnitSystemButton.tsx(30,28): error TS1005: '{' expected.
src/components/Domain/Recipe/RecipeUnitSystemButton.tsx(31,7): error TS1128: Declaration or statement expected.
src/components/Domain/Recipe/RecipeUnitSystemButton.tsx(31,20): error TS1005: ';' expected.
src/components/Domain/Recipe/RecipeUnitSystemButton.tsx(33,7): error TS1128: Declaration or statement expected.
src/components/Domain/Recipe/RecipeUnitSystemButton.tsx(33,16): error TS1005: ';' expected.
src/components/Domain/Recipe/RecipeUnitSystemButton.tsx(35,7): error TS1128: Declaration or statement expected.
src/components/Domain/Recipe/RecipeUnitSystemButton.tsx(35,14): error TS1128: Declaration or statement expected.
src/components/Domain/Recipe/RecipeUnitSystemButton.tsx(38,3): error TS1128: Declaration or statement expected.
src/components/Domain/Recipe/RecipeUnitSystemButton.tsx(38,4): error TS1128: Declaration or statement expected.
src/components/Domain/Recipe/RecipeUnitSystemButton.tsx(43,111): error TS1005: ')' expected.
src/components/Domain/Recipe/RecipeUnitSystemButton.tsx(44,3): error TS1128: Declaration or statement expected.
src/components/Domain/Recipe/RecipeUnitSystemButton.tsx(82,1): error TS1128: Declaration or statement expected.
src/components/Domain/SearchFilter.tsx(18,3): error TS1109: Expression expected.
src/components/Domain/SearchFilter.tsx(54,78): error TS1005: ')' expected.
src/components/Domain/SearchFilter.tsx(72,49): error TS1005: '...' expected.
src/components/Domain/SearchFilter.tsx(99,31): error TS1005: '}' expected.
src/components/Domain/SearchFilter.tsx(99,35): error TS1381: Unexpected token. Did you mean `{'}'}` or `&rbrace;`?
src/components/Domain/SearchFilter.tsx(99,38): error TS1382: Unexpected token. Did you mean `{'>'}` or `&gt;`?
src/components/Domain/ShoppingList/ShoppingListAddItemForm.tsx(75,86): error TS1005: '...' expected.
src/components/Domain/ShoppingList/ShoppingListAddItemForm.tsx(75,131): error TS1005: '...' expected.
src/components/Domain/ShoppingList/ShoppingListAddItemForm.tsx(92,55): error TS1005: '}' expected.
src/components/Domain/ShoppingList/ShoppingListAddItemForm.tsx(92,69): error TS1381: Unexpected token. Did you mean `{'}'}` or `&rbrace;`?
src/components/Domain/ShoppingList/ShoppingListAddItemForm.tsx(92,72): error TS1382: Unexpected token. Did you mean `{'>'}` or `&gt;`?
src/components/Domain/ShoppingList/ShoppingListAddItemForm.tsx(93,17): error TS1381: Unexpected token. Did you mean `{'}'}` or `&rbrace;`?
src/components/Domain/ShoppingList/ShoppingListItem.tsx(32,3): error TS1109: Expression expected.
src/components/Domain/ShoppingList/ShoppingListItem.tsx(62,35): error TS1005: ',' expected.
src/components/Domain/ShoppingList/ShoppingListItem.tsx(62,40): error TS1005: ',' expected.
src/components/Domain/ShoppingList/ShoppingListItem.tsx(67,78): error TS1005: ')' expected.
src/components/Domain/ShoppingList/ShoppingListItem.tsx(67,79): error TS1128: Declaration or statement expected.
src/components/Domain/ShoppingList/ShoppingListItem.tsx(143,5): error TS1005: ',' expected.
src/components/Domain/ShoppingList/ShoppingListItem.tsx(147,4): error TS1128: Declaration or statement expected.
src/components/Domain/ShoppingList/ShoppingListItem.tsx(252,1): error TS1128: Declaration or statement expected.
src/components/Domain/ShoppingList/ShoppingListItemDetails.tsx(41,63): error TS1005: '...' expected.
src/components/Domain/ShoppingList/ShoppingListItemDetails.tsx(43,61): error TS1005: '...' expected.
src/components/Domain/ShoppingList/ShoppingListItemDetails.tsx(43,106): error TS1005: '...' expected.
src/components/Domain/ShoppingList/ShoppingListItemDetails.tsx(46,64): error TS1005: '...' expected.
src/components/Domain/ShoppingList/ShoppingListItemDetails.tsx(49,62): error TS1005: '...' expected.
src/components/Domain/ShoppingList/ShoppingListItemDetails.tsx(49,108): error TS1005: '...' expected.
src/components/Domain/ShoppingList/ShoppingListItemDetails.tsx(53,23): error TS1005: '}' expected.
src/components/Domain/ShoppingList/ShoppingListItemDetails.tsx(53,27): error TS1381: Unexpected token. Did you mean `{'}'}` or `&rbrace;`?
src/components/Domain/ShoppingList/ShoppingListItemDetails.tsx(53,30): error TS1382: Unexpected token. Did you mean `{'>'}` or `&gt;`?
src/components/Domain/ShoppingList/ShoppingListItemEditor.tsx(49,90): error TS1005: ')' expected.
src/components/Domain/ShoppingList/ShoppingListItemEditor.tsx(56,63): error TS1005: '...' expected.
src/components/Domain/ShoppingList/ShoppingListItemEditor.tsx(56,108): error TS1005: '...' expected.
src/components/Domain/User/UserAvatar.tsx(16,3): error TS1109: Expression expected.
src/components/Domain/User/UserInviteDialog.tsx(60,69): error TS1005: ')' expected.
src/components/Domain/User/UserPasswordStrength.tsx(21,66): error TS1005: '...' expected.
src/components/Domain/User/UserProfileLinkCard.tsx(46,23): error TS1005: '}' expected.
src/components/Domain/User/UserProfileLinkCard.tsx(46,27): error TS1381: Unexpected token. Did you mean `{'}'}` or `&rbrace;`?
src/components/Domain/User/UserProfileLinkCard.tsx(46,30): error TS1382: Unexpected token. Did you mean `{'>'}` or `&gt;`?
src/components/Domain/User/UserRegistrationForm.tsx(21,3): error TS1109: Expression expected.
src/components/Domain/User/UserRegistrationForm.tsx(57,70): error TS1005: '...' expected.
src/components/Domain/User/UserRegistrationForm.tsx(59,70): error TS1005: '...' expected.
src/components/Domain/User/UserRegistrationForm.tsx(61,67): error TS1005: '...' expected.
src/components/Domain/User/UserRegistrationForm.tsx(63,68): error TS1005: '...' expected.
src/components/Domain/User/UserRegistrationForm.tsx(65,79): error TS1005: '...' expected.
src/components/Domain/User/UserRegistrationForm.tsx(67,68): error TS1005: '...' expected.
src/components/Domain/User/UserRegistrationForm.tsx(70,86): error TS1005: '...' expected.
src/components/global/AppButtonCopy.tsx(19,3): error TS1109: Expression expected.
src/components/global/AppButtonUpload.tsx(26,3): error TS1109: Expression expected.
src/components/global/AppLoader.tsx(17,3): error TS1109: Expression expected.
src/components/global/AppLoader.tsx(25,5): error TS1005: ',' expected.
src/components/global/AppLoader.tsx(44,4): error TS1128: Declaration or statement expected.
src/components/global/AppLoader.tsx(66,1): error TS1128: Declaration or statement expected.
src/components/global/AutoForm.tsx(26,3): error TS1109: Expression expected.
src/components/global/AutoForm.tsx(65,87): error TS1005: '...' expected.
src/components/global/AutoForm.tsx(74,78): error TS1005: '...' expected.
src/components/global/AutoForm.tsx(76,88): error TS1005: '...' expected.
src/components/global/AutoForm.tsx(78,81): error TS1005: '...' expected.
src/components/global/AutoForm.tsx(80,85): error TS1005: '...' expected.
src/components/global/AutoForm.tsx(83,81): error TS1005: '...' expected.
src/components/global/BaseButton.tsx(30,121): error TS1005: ':' expected.
src/components/global/BaseButton.tsx(33,3): error TS1109: Expression expected.
src/components/global/BaseButton.tsx(75,15): error TS1109: Expression expected.
src/components/global/BaseButton.tsx(78,5): error TS1005: ',' expected.
src/components/global/BaseButton.tsx(94,4): error TS1128: Declaration or statement expected.
src/components/global/BaseButton.tsx(106,5): error TS1005: ',' expected.
src/components/global/BaseButton.tsx(110,3): error TS1128: Declaration or statement expected.
src/components/global/BaseButton.tsx(110,4): error TS1128: Declaration or statement expected.
src/components/global/BaseButton.tsx(134,1): error TS1128: Declaration or statement expected.
src/components/global/BaseButtonGroup.tsx(16,3): error TS1109: Expression expected.
src/components/global/BaseDialog.tsx(107,59): error TS1005: ',' expected.
src/components/global/BaseDialogContent.tsx(40,79): error TS1005: ')' expected.
src/components/global/BaseDialogContent.tsx(41,79): error TS1005: ')' expected.
src/components/global/BaseDialogContent.tsx(60,23): error TS1005: '}' expected.
src/components/global/BaseDialogContent.tsx(60,27): error TS1381: Unexpected token. Did you mean `{'}'}` or `&rbrace;`?
src/components/global/BaseDialogContent.tsx(60,30): error TS1382: Unexpected token. Did you mean `{'>'}` or `&gt;`?
src/components/global/BaseDialogContent.tsx(68,29): error TS1005: '}' expected.
src/components/global/BaseDialogContent.tsx(68,36): error TS1382: Unexpected token. Did you mean `{'>'}` or `&gt;`?
src/components/global/BaseDialogContent.tsx(69,17): error TS1381: Unexpected token. Did you mean `{'}'}` or `&rbrace;`?
src/components/global/BaseKeyValueEditor.tsx(22,85): error TS1005: ')' expected.
src/components/global/BaseKeyValueEditor.tsx(23,91): error TS1005: ')' expected.
src/components/global/BaseOverflowButton.tsx(27,47): error TS1005: ',' expected.
src/components/global/BaseOverflowButton.tsx(27,54): error TS1005: ',' expected.
src/components/global/BaseOverflowButton.tsx(40,3): error TS1109: Expression expected.
src/components/global/BaseOverflowButton.tsx(46,78): error TS1005: ')' expected.
src/components/global/BaseOverflowButton.tsx(48,12): error TS1005: ';' expected.
src/components/global/BaseOverflowButton.tsx(49,5): error TS1109: Expression expected.
src/components/global/BaseOverflowButton.tsx(49,6): error TS1128: Declaration or statement expected.
src/components/global/BaseOverflowButton.tsx(50,3): error TS1128: Declaration or statement expected.
src/components/global/BaseOverflowButton.tsx(162,1): error TS1128: Declaration or statement expected.
src/components/global/CrudTable.tsx(34,77): error TS1109: Expression expected.
src/components/global/CrudTable.tsx(35,6): error TS1128: Declaration or statement expected.
src/components/global/CrudTable.tsx(38,15): error TS1005: ';' expected.
src/components/global/CrudTable.tsx(39,5): error TS1109: Expression expected.
src/components/global/CrudTable.tsx(39,6): error TS1128: Declaration or statement expected.
src/components/global/CrudTable.tsx(42,15): error TS1005: ';' expected.
src/components/global/CrudTable.tsx(43,5): error TS1109: Expression expected.
src/components/global/CrudTable.tsx(43,6): error TS1128: Declaration or statement expected.
src/components/global/CrudTable.tsx(46,7): error TS1109: Expression expected.
src/components/global/CrudTable.tsx(46,14): error TS1128: Declaration or statement expected.
src/components/global/CrudTable.tsx(47,5): error TS1109: Expression expected.
src/components/global/CrudTable.tsx(47,6): error TS1128: Declaration or statement expected.
src/components/global/CrudTable.tsx(50,7): error TS1109: Expression expected.
src/components/global/CrudTable.tsx(50,14): error TS1128: Declaration or statement expected.
src/components/global/CrudTable.tsx(51,5): error TS1109: Expression expected.
src/components/global/CrudTable.tsx(51,6): error TS1128: Declaration or statement expected.
src/components/global/CrudTable.tsx(54,7): error TS1109: Expression expected.
src/components/global/CrudTable.tsx(54,14): error TS1128: Declaration or statement expected.
src/components/global/CrudTable.tsx(55,5): error TS1109: Expression expected.
src/components/global/CrudTable.tsx(55,6): error TS1128: Declaration or statement expected.
src/components/global/CrudTable.tsx(56,3): error TS1128: Declaration or statement expected.
src/components/global/CrudTable.tsx(56,4): error TS1128: Declaration or statement expected.
src/components/global/CrudTable.tsx(83,61): error TS1005: ')' expected.
src/components/global/CrudTable.tsx(84,7): error TS1128: Declaration or statement expected.
src/components/global/CrudTable.tsx(88,3): error TS1109: Expression expected.
src/components/global/CrudTable.tsx(101,39): error TS1110: Type expected.
src/components/global/CrudTable.tsx(101,43): error TS1005: ';' expected.
src/components/global/CrudTable.tsx(112,3): error TS1128: Declaration or statement expected.
src/components/global/CrudTable.tsx(112,4): error TS1128: Declaration or statement expected.
src/components/global/CrudTable.tsx(133,114): error TS1005: '...' expected.
src/components/global/CrudTable.tsx(184,1): error TS1128: Declaration or statement expected.
src/components/global/DevDumpJson.tsx(8,3): error TS1109: Expression expected.
src/components/global/DocLink.tsx(15,3): error TS1109: Expression expected.
src/components/global/DropZone.tsx(19,3): error TS1109: Expression expected.
src/components/global/ImageCropper.tsx(16,1): error TS1131: Property or signature expected.
src/components/global/ImageCropper.tsx(70,20): error TS1109: Expression expected.
src/components/global/ImageCropper.tsx(70,21): error TS1005: ',' expected.
src/components/global/ImageCropper.tsx(70,23): error TS1136: Property assignment expected.
src/components/global/ImageCropper.tsx(71,7): error TS1109: Expression expected.
src/components/global/ImageCropper.tsx(71,8): error TS1128: Declaration or statement expected.
src/components/global/ImageCropper.tsx(74,13): error TS1005: ';' expected.
src/components/global/ImageCropper.tsx(75,17): error TS1005: ';' expected.
src/components/global/ImageCropper.tsx(76,7): error TS1109: Expression expected.
src/components/global/ImageCropper.tsx(76,8): error TS1128: Declaration or statement expected.
src/components/global/ImageCropper.tsx(77,5): error TS1128: Declaration or statement expected.
src/components/global/ImageCropper.tsx(77,6): error TS1128: Declaration or statement expected.
src/components/global/ImageCropper.tsx(90,3): error TS1109: Expression expected.
src/components/global/ImageCropper.tsx(90,4): error TS1128: Declaration or statement expected.
src/components/global/ImageCropper.tsx(116,27): error TS1005: '}' expected.
src/components/global/ImageCropper.tsx(116,31): error TS1381: Unexpected token. Did you mean `{'}'}` or `&rbrace;`?
src/components/global/ImageCropper.tsx(116,34): error TS1382: Unexpected token. Did you mean `{'>'}` or `&gt;`?
src/components/global/ImageCropper.tsx(150,1): error TS1128: Declaration or statement expected.
src/components/global/InputLabelType.tsx(23,3): error TS1109: Expression expected.
src/components/global/MarkdownEditor.tsx(14,77): error TS1109: Expression expected.
src/components/global/MarkdownEditor.tsx(15,6): error TS1128: Declaration or statement expected.
src/components/global/MarkdownEditor.tsx(16,3): error TS1128: Declaration or statement expected.
src/components/global/MarkdownEditor.tsx(16,4): error TS1128: Declaration or statement expected.
src/components/global/MarkdownEditor.tsx(59,1): error TS1128: Declaration or statement expected.
src/components/global/ReportTable.tsx(22,45): error TS1005: ',' expected.
src/components/global/ReportTable.tsx(23,5): error TS1136: Property assignment expected.
src/components/global/SafeMarkdown.tsx(13,3): error TS1109: Expression expected.
src/components/global/StatsCards.tsx(17,3): error TS1109: Expression expected.
src/components/Layout/DefaultLayout.tsx(29,81): error TS1005: ':' expected.
src/components/Layout/DefaultLayout.tsx(43,5): error TS1005: ',' expected.
src/components/Layout/DefaultLayout.tsx(48,4): error TS1128: Declaration or statement expected.
src/components/Layout/DefaultLayout.tsx(73,5): error TS1005: ',' expected.
src/components/Layout/DefaultLayout.tsx(108,3): error TS1128: Declaration or statement expected.
src/components/Layout/DefaultLayout.tsx(108,4): error TS1128: Declaration or statement expected.
src/components/Layout/DefaultLayout.tsx(114,42): error TS1005: ',' expected.
src/components/Layout/DefaultLayout.tsx(144,43): error TS1005: ',' expected.
src/components/Layout/DefaultLayout.tsx(270,1): error TS1128: Declaration or statement expected.
src/components/Layout/LayoutParts/AppHeader.tsx(73,23): error TS1005: '}' expected.
src/components/Layout/LayoutParts/AppHeader.tsx(73,27): error TS1381: Unexpected token. Did you mean `{'}'}` or `&rbrace;`?
src/components/Layout/LayoutParts/AppHeader.tsx(73,30): error TS1382: Unexpected token. Did you mean `{'>'}` or `&gt;`?
src/components/Layout/LayoutParts/AppSidebar.tsx(25,3): error TS1109: Expression expected.
src/components/Layout/LayoutParts/AppSidebar.tsx(48,76): error TS1005: ',' expected.
src/components/Layout/LayoutParts/AppSidebar.tsx(70,68): error TS1005: '...' expected.
src/components/Layout/LayoutParts/AppSidebar.tsx(102,65): error TS1005: '...' expected.
src/components/Layout/LayoutParts/AppSidebar.tsx(109,130): error TS1005: '...' expected.
src/components/Layout/LayoutParts/AppSidebar.tsx(135,65): error TS1005: '...' expected.
src/components/Layout/LayoutParts/AppSidebar.tsx(142,130): error TS1005: '...' expected.
src/components/Layout/LayoutParts/AppSidebar.tsx(173,60): error TS1005: '...' expected.
src/components/Layout/LayoutParts/TheSnackbar.tsx(14,34): error TS1005: '{' expected.
src/components/Layout/LayoutParts/TheSnackbar.tsx(15,7): error TS1128: Declaration or statement expected.
src/components/Layout/LayoutParts/TheSnackbar.tsx(15,19): error TS1005: ';' expected.
src/components/Layout/LayoutParts/TheSnackbar.tsx(17,7): error TS1128: Declaration or statement expected.
src/components/Layout/LayoutParts/TheSnackbar.tsx(17,21): error TS1005: ';' expected.
src/components/Layout/LayoutParts/TheSnackbar.tsx(19,7): error TS1128: Declaration or statement expected.
src/components/Layout/LayoutParts/TheSnackbar.tsx(19,18): error TS1005: ';' expected.
src/components/Layout/LayoutParts/TheSnackbar.tsx(21,7): error TS1128: Declaration or statement expected.
src/components/Layout/LayoutParts/TheSnackbar.tsx(21,14): error TS1128: Declaration or statement expected.
src/components/Layout/LayoutParts/TheSnackbar.tsx(24,3): error TS1128: Declaration or statement expected.
src/components/Layout/LayoutParts/TheSnackbar.tsx(24,4): error TS1128: Declaration or statement expected.
src/components/Layout/LayoutParts/TheSnackbar.tsx(30,57): error TS1005: '...' expected.
src/components/Layout/LayoutParts/TheSnackbar.tsx(47,59): error TS1005: '...' expected.
src/components/Layout/LayoutParts/TheSnackbar.tsx(58,1): error TS1128: Declaration or statement expected.
src/composables/partials/use-actions-factory.ts(166,24): error TS1109: Expression expected.
src/composables/partials/use-actions-factory.ts(183,24): error TS1109: Expression expected.
src/composables/partials/use-actions-factory.ts(193,28): error TS1109: Expression expected.
src/composables/partials/use-actions-factory.ts(205,16): error TS1109: Expression expected.
src/composables/recipe-page/use-cook-mode-query.test.ts(21,44): error TS1109: Expression expected.
src/composables/recipe-page/use-cook-mode-query.test.ts(22,13): error TS1005: ',' expected.
src/composables/recipe-page/use-cook-mode-query.test.ts(24,3): error TS1135: Argument expression expected.
src/composables/recipe-page/use-cook-mode-query.test.ts(24,5): error TS1005: ',' expected.
src/composables/recipe-page/use-cook-mode-query.test.ts(51,44): error TS1109: Expression expected.
src/composables/recipe-page/use-cook-mode-query.test.ts(52,13): error TS1005: ',' expected.
src/composables/recipe-page/use-cook-mode-query.test.ts(54,3): error TS1135: Argument expression expected.
src/composables/recipe-page/use-cook-mode-query.test.ts(54,5): error TS1005: ',' expected.
src/composables/recipes/use-ingredient-substitutions.ts(27,56): error TS1135: Argument expression expected.
src/composables/recipes/use-ingredient-substitutions.ts(27,61): error TS1005: ')' expected.
src/composables/recipes/use-ingredient-substitutions.ts(28,74): error TS1135: Argument expression expected.
src/composables/recipes/use-ingredient-substitutions.ts(28,79): error TS1005: ')' expected.
src/composables/recipes/use-parse-ingredients-dialog.ts(36,64): error TS1005: ')' expected.
src/composables/recipes/use-parse-ingredients-dialog.ts(39,55): error TS1109: Expression expected.
src/composables/recipes/use-parse-ingredients-dialog.ts(44,69): error TS1005: ',' expected.
src/composables/recipes/use-parse-ingredients-dialog.ts(173,80): error TS1005: ')' expected.
src/composables/recipes/use-recipe-permissions.ts(16,5): error TS1005: ',' expected.
src/composables/recipes/use-recipe-permissions.ts(42,4): error TS1128: Declaration or statement expected.
src/composables/recipes/use-recipe-permissions.ts(47,1): error TS1128: Declaration or statement expected.
src/composables/recipes/use-recipe-time.ts(27,52): error TS1109: Expression expected.
src/composables/recipes/use-recipe-time.ts(27,59): error TS1005: ':' expected.
src/composables/recipes/use-recipe-timeline-events.ts(18,44): error TS1005: ',' expected.
src/composables/recipes/use-recipes.ts(89,34): error TS1109: Expression expected.
src/composables/shopping-list-page/sub-composables/use-shopping-list-crud.ts(20,81): error TS1005: ')' expected.
src/composables/shopping-list-page/sub-composables/use-shopping-list-crud.ts(20,82): error TS1128: Declaration or statement expected.
src/composables/shopping-list-page/sub-composables/use-shopping-list-crud.ts(213,58): error TS1109: Expression expected.
src/composables/shopping-list-page/sub-composables/use-shopping-list-crud.ts(213,90): error TS1005: ')' expected.
src/composables/shopping-list-page/sub-composables/use-shopping-list-crud.ts(214,13): error TS1109: Expression expected.
src/composables/shopping-list-page/sub-composables/use-shopping-list-data.ts(15,45): error TS1135: Argument expression expected.
src/composables/shopping-list-page/sub-composables/use-shopping-list-data.ts(15,50): error TS1005: ')' expected.
src/composables/shopping-list-page/sub-composables/use-shopping-list-item-actions.ts(38,41): error TS1003: Identifier expected.
src/composables/shopping-list-page/sub-composables/use-shopping-list-item-actions.ts(38,42): error TS1003: Identifier expected.
src/composables/shopping-list-page/sub-composables/use-shopping-list-item-actions.ts(38,44): error TS1003: Identifier expected.
src/composables/shopping-list-page/sub-composables/use-shopping-list-labels.ts(13,28): error TS1005: ')' expected.
src/composables/shopping-list-page/sub-composables/use-shopping-list-labels.ts(14,7): error TS1128: Declaration or statement expected.
src/composables/shopping-list-page/sub-composables/use-shopping-list-labels.ts(19,4): error TS1128: Declaration or statement expected.
src/composables/shopping-list-page/sub-composables/use-shopping-list-labels.ts(28,1): error TS1128: Declaration or statement expected.
src/composables/shopping-list-page/sub-composables/use-shopping-list-search.test.ts(154,65): error TS1005: ')' expected.
src/composables/shopping-list-page/sub-composables/use-shopping-list-search.test.ts(154,66): error TS1128: Declaration or statement expected.
src/composables/shopping-list-page/sub-composables/use-shopping-list-search.test.ts(184,1): error TS1128: Declaration or statement expected.
src/composables/shopping-list-page/sub-composables/use-shopping-list-search.test.ts(184,2): error TS1128: Declaration or statement expected.
src/composables/shopping-list-page/sub-composables/use-shopping-list-search.ts(40,42): error TS1005: ',' expected.
src/composables/shopping-list-page/sub-composables/use-shopping-list-search.ts(46,7): error TS1136: Property assignment expected.
src/composables/shopping-list-page/sub-composables/use-shopping-list-search.ts(46,8): error TS1128: Declaration or statement expected.
src/composables/shopping-list-page/sub-composables/use-shopping-list-search.ts(47,6): error TS1128: Declaration or statement expected.
src/composables/shopping-list-page/sub-composables/use-shopping-list-search.ts(47,7): error TS1128: Declaration or statement expected.
src/composables/shopping-list-page/sub-composables/use-shopping-list-search.ts(47,8): error TS1128: Declaration or statement expected.
src/composables/shopping-list-page/sub-composables/use-shopping-list-search.ts(48,3): error TS1128: Declaration or statement expected.
src/composables/shopping-list-page/sub-composables/use-shopping-list-search.ts(65,58): error TS1135: Argument expression expected.
src/composables/shopping-list-page/sub-composables/use-shopping-list-search.ts(65,63): error TS1005: ')' expected.
src/composables/shopping-list-page/sub-composables/use-shopping-list-search.ts(83,77): error TS1005: ')' expected.
src/composables/shopping-list-page/sub-composables/use-shopping-list-search.ts(111,1): error TS1128: Declaration or statement expected.
src/composables/shopping-list-page/sub-composables/use-shopping-list-state.ts(50,64): error TS1005: ')' expected.
src/composables/shopping-list-page/sub-composables/use-shopping-list-state.ts(51,7): error TS1128: Declaration or statement expected.
src/composables/shopping-list-page/sub-composables/use-shopping-list-state.ts(51,48): error TS1005: ';' expected.
src/composables/shopping-list-page/sub-composables/use-shopping-list-state.ts(51,49): error TS1128: Declaration or statement expected.
src/composables/shopping-list-page/sub-composables/use-shopping-list-state.ts(52,3): error TS1128: Declaration or statement expected.
src/composables/shopping-list-page/sub-composables/use-shopping-list-state.ts(54,64): error TS1135: Argument expression expected.
src/composables/shopping-list-page/sub-composables/use-shopping-list-state.ts(54,69): error TS1005: ')' expected.
src/composables/shopping-list-page/use-shopping-list-page.ts(43,80): error TS1005: ')' expected.
src/composables/shopping-list-page/use-shopping-list-page.ts(50,5): error TS1005: ',' expected.
src/composables/shopping-list-page/use-shopping-list-page.ts(54,4): error TS1128: Declaration or statement expected.
src/composables/shopping-list-page/use-shopping-list-page.ts(223,1): error TS1128: Declaration or statement expected.
src/composables/use-announcements.ts(57,12): error TS1005: ')' expected.
src/composables/use-announcements.ts(58,3): error TS1128: Declaration or statement expected.
src/composables/use-group-mealplan.ts(80,5): error TS1005: ',' expected.
src/composables/use-group-mealplan.ts(83,4): error TS1472: 'catch' or 'finally' expected.
src/composables/use-group-mealplan.ts(93,8): error TS1005: ',' expected.
src/composables/use-group-mealplan.ts(93,9): error TS1136: Property assignment expected.
src/composables/use-group-mealplan.ts(98,11): error TS1005: ',' expected.
src/composables/use-group-mealplan.ts(98,21): error TS1005: ',' expected.
src/composables/use-group-mealplan.ts(98,24): error TS1005: '=>' expected.
src/composables/use-group-mealplan.ts(112,11): error TS1005: ';' expected.
src/composables/use-group-mealplan.ts(112,28): error TS1005: ',' expected.
src/composables/use-group-mealplan.ts(112,47): error TS1005: ';' expected.
src/composables/use-group-mealplan.ts(121,6): error TS1128: Declaration or statement expected.
src/composables/use-group-mealplan.ts(122,5): error TS1434: Unexpected keyword or identifier.
src/composables/use-group-mealplan.ts(122,31): error TS1005: ',' expected.
src/composables/use-group-mealplan.ts(122,50): error TS1005: ';' expected.
src/composables/use-group-mealplan.ts(133,6): error TS1128: Declaration or statement expected.
src/composables/use-group-mealplan.ts(135,5): error TS1434: Unexpected keyword or identifier.
src/composables/use-group-mealplan.ts(135,23): error TS1005: ',' expected.
src/composables/use-group-mealplan.ts(135,42): error TS1005: ';' expected.
src/composables/use-group-mealplan.ts(142,6): error TS1128: Declaration or statement expected.
src/composables/use-group-mealplan.ts(144,5): error TS1434: Unexpected keyword or identifier.
src/composables/use-group-mealplan.ts(144,26): error TS1005: ',' expected.
src/composables/use-group-mealplan.ts(144,49): error TS1005: ',' expected.
src/composables/use-group-mealplan.ts(144,66): error TS1005: ';' expected.
src/composables/use-group-mealplan.ts(147,6): error TS1128: Declaration or statement expected.
src/composables/use-group-mealplan.ts(148,3): error TS1128: Declaration or statement expected.
src/composables/use-group-mealplan.ts(155,1): error TS1128: Declaration or statement expected.
src/composables/use-logged-in-state.ts(14,5): error TS1005: ',' expected.
src/composables/use-logged-in-state.ts(17,3): error TS1128: Declaration or statement expected.
src/composables/use-logged-in-state.ts(17,4): error TS1128: Declaration or statement expected.
src/composables/use-logged-in-state.ts(20,1): error TS1128: Declaration or statement expected.
src/composables/use-mealie-auth.ts(29,52): error TS1109: Expression expected.
src/composables/use-passwords.ts(13,67): error TS1005: ')' expected.
src/composables/use-passwords.ts(27,58): error TS1005: ')' expected.
src/composables/use-passwords.ts(32,5): error TS1005: ',' expected.
src/composables/use-passwords.ts(41,3): error TS1128: Declaration or statement expected.
src/composables/use-passwords.ts(41,4): error TS1128: Declaration or statement expected.
src/composables/use-passwords.ts(47,5): error TS1005: ',' expected.
src/composables/use-passwords.ts(56,3): error TS1128: Declaration or statement expected.
src/composables/use-passwords.ts(56,4): error TS1128: Declaration or statement expected.
src/composables/use-passwords.ts(59,1): error TS1128: Declaration or statement expected.
src/composables/use-recipe-explorer-search.ts(133,67): error TS1005: ')' expected.
src/composables/use-recipe-explorer-search.ts(133,68): error TS1128: Declaration or statement expected.
src/composables/use-recipe-explorer-search.ts(138,29): error TS1135: Argument expression expected.
src/composables/use-recipe-explorer-search.ts(138,34): error TS1005: ',' expected.
src/composables/use-search.ts(155,9): error TS1005: ')' expected.
src/composables/use-search.ts(157,68): error TS1005: ')' expected.
src/composables/use-setup/common-settings-form.ts(11,52): error TS1005: ',' expected.
src/composables/use-users/user-registration-form.ts(80,44): error TS1109: Expression expected.
src/layouts/error.tsx(25,3): error TS1109: Expression expected.
src/layouts/error.tsx(121,27): error TS1005: '}' expected.
src/layouts/error.tsx(121,31): error TS1381: Unexpected token. Did you mean `{'}'}` or `&rbrace;`?
src/layouts/error.tsx(121,34): error TS1382: Unexpected token. Did you mean `{'>'}` or `&gt;`?
src/layouts/error.tsx(131,27): error TS1005: '}' expected.
src/layouts/error.tsx(131,31): error TS1381: Unexpected token. Did you mean `{'}'}` or `&rbrace;`?
src/layouts/error.tsx(131,34): error TS1382: Unexpected token. Did you mean `{'>'}` or `&gt;`?
src/pages/admin/backups.tsx(117,64): error TS1005: '...' expected.
src/pages/admin/backups.tsx(123,64): error TS1005: '...' expected.
src/pages/admin/backups.tsx(143,75): error TS1005: '...' expected.
src/pages/admin/debug/openai.tsx(121,33): error TS1005: '}' expected.
src/pages/admin/debug/openai.tsx(121,37): error TS1381: Unexpected token. Did you mean `{'}'}` or `&rbrace;`?
src/pages/admin/debug/openai.tsx(121,40): error TS1382: Unexpected token. Did you mean `{'>'}` or `&gt;`?
src/pages/admin/debug/openai.tsx(125,35): error TS1005: '}' expected.
src/pages/admin/debug/openai.tsx(125,39): error TS1381: Unexpected token. Did you mean `{'}'}` or `&rbrace;`?
src/pages/admin/debug/openai.tsx(125,42): error TS1382: Unexpected token. Did you mean `{'>'}` or `&gt;`?
src/pages/admin/debug/openai.tsx(131,35): error TS1005: '}' expected.
src/pages/admin/debug/openai.tsx(131,39): error TS1381: Unexpected token. Did you mean `{'}'}` or `&rbrace;`?
src/pages/admin/debug/openai.tsx(131,42): error TS1382: Unexpected token. Did you mean `{'>'}` or `&gt;`?
src/pages/admin/debug/parser.tsx(160,67): error TS1005: '...' expected.
src/pages/admin/debug/parser.tsx(171,27): error TS1005: '}' expected.
src/pages/admin/debug/parser.tsx(171,31): error TS1381: Unexpected token. Did you mean `{'}'}` or `&rbrace;`?
src/pages/admin/debug/parser.tsx(171,34): error TS1382: Unexpected token. Did you mean `{'>'}` or `&gt;`?
src/pages/admin/debug/parser.tsx(178,65): error TS1005: '...' expected.
src/pages/admin/maintenance/index.tsx(33,49): error TS1005: ',' expected.
src/pages/admin/maintenance/index.tsx(33,50): error TS1136: Property assignment expected.
src/pages/admin/maintenance/index.tsx(54,77): error TS1005: ',' expected.
src/pages/admin/maintenance/index.tsx(141,64): error TS1005: '...' expected.
src/pages/admin/manage/groups/[id].tsx(125,63): error TS1005: '...' expected.
src/pages/admin/manage/groups/[id].tsx(128,85): error TS1005: '...' expected.
src/pages/admin/manage/groups/[id].tsx(132,99): error TS1005: '...' expected.
src/pages/admin/manage/groups/index.tsx(75,62): error TS1005: '...' expected.
src/pages/admin/manage/groups/index.tsx(79,72): error TS1005: '...' expected.
src/pages/admin/manage/groups/index.tsx(83,63): error TS1005: '...' expected.
src/pages/admin/manage/households/[id].tsx(49,10): error TS1472: 'catch' or 'finally' expected.
src/pages/admin/manage/households/[id].tsx(51,7): error TS1005: 'try' expected.
src/pages/admin/manage/households/[id].tsx(97,79): error TS1005: '...' expected.
src/pages/admin/manage/households/[id].tsx(100,67): error TS1005: '...' expected.
src/pages/admin/manage/households/[id].tsx(103,93): error TS1005: '...' expected.
src/pages/admin/manage/households/index.tsx(96,90): error TS1005: '...' expected.
src/pages/admin/manage/households/index.tsx(99,72): error TS1005: '...' expected.
src/pages/admin/manage/users/[id].tsx(61,48): error TS1109: Expression expected.
src/pages/admin/manage/users/[id].tsx(61,57): error TS1005: ')' expected.
src/pages/admin/manage/users/[id].tsx(61,63): error TS1109: Expression expected.
src/pages/admin/manage/users/[id].tsx(71,17): error TS1109: Expression expected.
src/pages/admin/manage/users/[id].tsx(71,26): error TS1005: ')' expected.
src/pages/admin/manage/users/[id].tsx(71,32): error TS1109: Expression expected.
src/pages/admin/manage/users/[id].tsx(127,78): error TS1005: '...' expected.
src/pages/admin/manage/users/[id].tsx(134,82): error TS1005: '...' expected.
src/pages/admin/manage/users/[id].tsx(154,41): error TS1005: '}' expected.
src/pages/admin/manage/users/[id].tsx(154,45): error TS1381: Unexpected token. Did you mean `{'}'}` or `&rbrace;`?
src/pages/admin/manage/users/[id].tsx(154,48): error TS1382: Unexpected token. Did you mean `{'>'}` or `&gt;`?
src/pages/admin/manage/users/create.tsx(34,22): error TS1109: Expression expected.
src/pages/admin/manage/users/create.tsx(34,23): error TS1005: ')' expected.
src/pages/admin/manage/users/create.tsx(34,25): error TS1136: Property assignment expected.
src/pages/admin/manage/users/create.tsx(34,53): error TS1005: ';' expected.
src/pages/admin/manage/users/create.tsx(34,54): error TS1128: Declaration or statement expected.
src/pages/admin/manage/users/create.tsx(36,13): error TS1005: ';' expected.
src/pages/admin/manage/users/create.tsx(37,14): error TS1005: ';' expected.
src/pages/admin/manage/users/create.tsx(38,14): error TS1005: ';' expected.
src/pages/admin/manage/users/create.tsx(39,16): error TS1005: ';' expected.
src/pages/admin/manage/users/create.tsx(40,13): error TS1005: ';' expected.
src/pages/admin/manage/users/create.tsx(41,15): error TS1005: ';' expected.
src/pages/admin/manage/users/create.tsx(42,3): error TS1109: Expression expected.
src/pages/admin/manage/users/create.tsx(42,4): error TS1128: Declaration or statement expected.
src/pages/admin/manage/users/create.tsx(87,83): error TS1005: '...' expected.
src/pages/admin/manage/users/create.tsx(101,1): error TS1128: Declaration or statement expected.
src/pages/admin/manage/users/index.tsx(112,62): error TS1005: '...' expected.
src/pages/admin/setup.tsx(112,39): error TS1005: ',' expected.
src/pages/admin/setup.tsx(332,24): error TS1109: Expression expected.
src/pages/admin/setup.tsx(332,44): error TS1005: ')' expected.
src/pages/admin/setup.tsx(333,42): error TS1005: ';' expected.
src/pages/admin/setup.tsx(336,24): error TS1109: Expression expected.
src/pages/admin/setup.tsx(336,42): error TS1005: ')' expected.
src/pages/admin/setup.tsx(337,40): error TS1005: ';' expected.
src/pages/admin/setup.tsx(459,99): error TS1005: '...' expected.
src/pages/admin/site-settings.tsx(198,57): error TS1005: ',' expected.
src/pages/admin/site-settings.tsx(260,5): error TS1005: ',' expected.
src/pages/admin/site-settings.tsx(266,4): error TS1128: Declaration or statement expected.
src/pages/admin/site-settings.tsx(359,40): error TS1005: ']' expected.
src/pages/admin/site-settings.tsx(416,63): error TS1005: '}' expected.
src/pages/admin/site-settings.tsx(416,64): error TS1381: Unexpected token. Did you mean `{'}'}` or `&rbrace;`?
src/pages/admin/site-settings.tsx(416,65): error TS1382: Unexpected token. Did you mean `{'>'}` or `&gt;`?
src/pages/admin/site-settings.tsx(421,9): error TS17002: Expected corresponding JSX closing tag for 'div'.
src/pages/admin/site-settings.tsx(422,7): error TS17002: Expected corresponding JSX closing tag for 'Container'.
src/pages/admin/site-settings.tsx(459,62): error TS1005: '...' expected.
src/pages/admin/site-settings.tsx(555,5): error TS17015: Expected corresponding closing tag for JSX fragment.
src/pages/admin/site-settings.tsx(556,5): error TS1109: Expression expected.
src/pages/admin/site-settings.tsx(556,7): error TS1109: Expression expected.
src/pages/admin/site-settings.tsx(557,3): error TS1109: Expression expected.
src/pages/admin/site-settings.tsx(558,1): error TS1128: Declaration or statement expected.
src/pages/forgot-password.tsx(74,60): error TS1005: '...' expected.
src/pages/g/[groupSlug]/cookbooks/index.tsx(116,65): error TS1005: '...' expected.
src/pages/g/[groupSlug]/cookbooks/index.tsx(123,63): error TS1005: '...' expected.
src/pages/g/[groupSlug]/cookbooks/index.tsx(148,93): error TS1005: '...' expected.
src/pages/g/[groupSlug]/cookbooks/index.tsx(180,78): error TS1005: '...' expected.
src/pages/g/[groupSlug]/cookbooks/index.tsx(182,37): error TS1005: '}' expected.
src/pages/g/[groupSlug]/cookbooks/index.tsx(182,41): error TS1381: Unexpected token. Did you mean `{'}'}` or `&rbrace;`?
src/pages/g/[groupSlug]/cookbooks/index.tsx(182,44): error TS1382: Unexpected token. Did you mean `{'>'}` or `&gt;`?
src/pages/g/[groupSlug]/r/[slug]/index.tsx(43,7): error TS1005: ',' expected.
src/pages/g/[groupSlug]/r/[slug]/index.tsx(46,6): error TS1128: Declaration or statement expected.
src/pages/g/[groupSlug]/r/[slug]/index.tsx(52,6): error TS1128: Declaration or statement expected.
src/pages/g/[groupSlug]/r/[slug]/index.tsx(54,3): error TS1128: Declaration or statement expected.
src/pages/g/[groupSlug]/r/[slug]/index.tsx(81,1): error TS1128: Declaration or statement expected.
src/pages/g/[groupSlug]/r/create.tsx(30,49): error TS1005: ',' expected.
src/pages/g/[groupSlug]/r/create/ai.tsx(70,96): error TS1005: ')' expected.
src/pages/g/[groupSlug]/r/create/ai.tsx(179,72): error TS1005: '...' expected.
src/pages/g/[groupSlug]/r/create/bulk.tsx(101,72): error TS1005: '...' expected.
src/pages/g/[groupSlug]/r/create/bulk.tsx(115,97): error TS1005: '...' expected.
src/pages/g/[groupSlug]/r/create/bulk.tsx(128,91): error TS1005: '...' expected.
src/pages/g/[groupSlug]/r/create/bulk.tsx(143,76): error TS1005: '}' expected.
src/pages/g/[groupSlug]/r/create/bulk.tsx(144,40): error TS1381: Unexpected token. Did you mean `{'}'}` or `&rbrace;`?
src/pages/g/[groupSlug]/r/create/bulk.tsx(144,41): error TS1382: Unexpected token. Did you mean `{'>'}` or `&gt;`?
src/pages/g/[groupSlug]/r/create/bulk.tsx(146,15): error TS17002: Expected corresponding JSX closing tag for 'CardActions'.
src/pages/g/[groupSlug]/r/create/bulk.tsx(147,31): error TS1005: '}' expected.
src/pages/g/[groupSlug]/r/create/bulk.tsx(147,35): error TS1381: Unexpected token. Did you mean `{'}'}` or `&rbrace;`?
src/pages/g/[groupSlug]/r/create/bulk.tsx(147,38): error TS1382: Unexpected token. Did you mean `{'>'}` or `&gt;`?
src/pages/g/[groupSlug]/r/create/bulk.tsx(155,77): error TS1005: '...' expected.
src/pages/g/[groupSlug]/r/create/bulk.tsx(156,13): error TS17002: Expected corresponding JSX closing tag for 'section'.
src/pages/g/[groupSlug]/r/create/bulk.tsx(159,75): error TS1005: '...' expected.
src/pages/g/[groupSlug]/r/create/bulk.tsx(170,11): error TS17002: Expected corresponding JSX closing tag for 'div'.
src/pages/g/[groupSlug]/r/create/bulk.tsx(177,5): error TS17015: Expected corresponding closing tag for JSX fragment.
src/pages/g/[groupSlug]/r/create/bulk.tsx(178,5): error TS1109: Expression expected.
src/pages/g/[groupSlug]/r/create/bulk.tsx(178,7): error TS1109: Expression expected.
src/pages/g/[groupSlug]/r/create/bulk.tsx(179,3): error TS1109: Expression expected.
src/pages/g/[groupSlug]/r/create/debug.tsx(71,73): error TS1005: '...' expected.
src/pages/g/[groupSlug]/r/create/html.tsx(143,70): error TS1005: '...' expected.
src/pages/g/[groupSlug]/recipes/finder/index.tsx(368,85): error TS1005: '...' expected.
src/pages/g/[groupSlug]/recipes/finder/index.tsx(390,71): error TS1005: '...' expected.
src/pages/g/[groupSlug]/recipes/finder/index.tsx(410,107): error TS1005: '...' expected.
src/pages/g/[groupSlug]/recipes/finder/index.tsx(414,107): error TS1005: '...' expected.
src/pages/g/[groupSlug]/recipes/finder/index.tsx(417,107): error TS1005: '...' expected.
src/pages/g/[groupSlug]/recipes/tools/index.tsx(34,67): error TS1005: ',' expected.
src/pages/group/data.tsx(29,42): error TS1005: ',' expected.
src/pages/group/data.tsx(75,7): error TS1128: Declaration or statement expected.
src/pages/group/data.tsx(86,4): error TS1128: Declaration or statement expected.
src/pages/group/data.tsx(121,1): error TS1128: Declaration or statement expected.
src/pages/group/data/categories.tsx(127,89): error TS1005: ')' expected.
src/pages/group/data/categories.tsx(128,110): error TS1005: ')' expected.
src/pages/group/data/categories.tsx(129,3): error TS1128: Declaration or statement expected.
src/pages/group/data/categories.tsx(130,124): error TS1005: ')' expected.
src/pages/group/data/categories.tsx(131,3): error TS1128: Declaration or statement expected.
src/pages/group/data/foods.tsx(107,61): error TS1005: ')' expected.
src/pages/group/data/foods.tsx(110,6): error TS1128: Declaration or statement expected.
src/pages/group/data/foods.tsx(110,7): error TS1128: Declaration or statement expected.
src/pages/group/data/foods.tsx(111,3): error TS1128: Declaration or statement expected.
src/pages/group/data/foods.tsx(121,104): error TS1005: ')' expected.
src/pages/group/data/foods.tsx(127,40): error TS1005: ',' expected.
src/pages/group/data/foods.tsx(550,1): error TS1128: Declaration or statement expected.
src/pages/group/data/recipe-actions.tsx(50,41): error TS1005: ',' expected.
src/pages/group/data/recipes.tsx(289,5): error TS1005: ',' expected.
src/pages/group/data/recipes.tsx(295,4): error TS1128: Declaration or statement expected.
src/pages/group/data/recipes.tsx(306,72): error TS1005: '...' expected.
src/pages/group/data/recipes.tsx(416,84): error TS1005: '...' expected.
src/pages/group/data/recipes.tsx(435,56): error TS1005: '}' expected.
src/pages/group/data/recipes.tsx(436,40): error TS1381: Unexpected token. Did you mean `{'}'}` or `&rbrace;`?
src/pages/group/data/recipes.tsx(436,41): error TS1382: Unexpected token. Did you mean `{'>'}` or `&gt;`?
src/pages/group/data/recipes.tsx(441,13): error TS17002: Expected corresponding JSX closing tag for 'CardActions'.
src/pages/group/data/recipes.tsx(442,11): error TS17002: Expected corresponding JSX closing tag for 'Card'.
src/pages/group/data/recipes.tsx(443,9): error TS17002: Expected corresponding JSX closing tag for 'section'.
src/pages/group/data/recipes.tsx(444,7): error TS17002: Expected corresponding JSX closing tag for 'Container'.
src/pages/group/data/recipes.tsx(456,5): error TS17015: Expected corresponding closing tag for JSX fragment.
src/pages/group/data/recipes.tsx(457,5): error TS1109: Expression expected.
src/pages/group/data/recipes.tsx(457,7): error TS1109: Expression expected.
src/pages/group/data/recipes.tsx(458,3): error TS1109: Expression expected.
src/pages/group/data/recipes.tsx(459,1): error TS1128: Declaration or statement expected.
src/pages/group/data/tags.tsx(127,78): error TS1005: ')' expected.
src/pages/group/data/tags.tsx(128,99): error TS1005: ')' expected.
src/pages/group/data/tags.tsx(129,113): error TS1005: ')' expected.
src/pages/group/data/tools.tsx(47,62): error TS1005: ')' expected.
src/pages/group/data/tools.tsx(50,4): error TS1128: Declaration or statement expected.
src/pages/group/data/tools.tsx(50,5): error TS1128: Declaration or statement expected.
src/pages/group/data/tools.tsx(131,1): error TS1128: Declaration or statement expected.
src/pages/group/data/units.tsx(21,1): error TS1131: Property or signature expected.
src/pages/group/data/units.tsx(107,40): error TS1005: ',' expected.
src/pages/group/data/units.tsx(389,1): error TS1128: Declaration or statement expected.
src/pages/group/index.tsx(121,85): error TS1005: '...' expected.
src/pages/group/index.tsx(139,99): error TS1005: '...' expected.
src/pages/group/migrations.tsx(440,81): error TS1005: '...' expected.
src/pages/group/migrations.tsx(464,77): error TS1005: '...' expected.
src/pages/household/index.tsx(68,91): error TS1005: '...' expected.
src/pages/household/mealplan/planner.tsx(100,52): error TS1005: ')' expected.
src/pages/household/mealplan/planner.tsx(146,43): error TS1135: Argument expression expected.
src/pages/household/mealplan/planner.tsx(146,48): error TS1005: ')' expected.
src/pages/household/mealplan/planner.tsx(161,30): error TS1005: ')' expected.
src/pages/household/mealplan/planner.tsx(164,4): error TS1128: Declaration or statement expected.
src/pages/household/mealplan/planner.tsx(167,75): error TS1005: ')' expected.
src/pages/household/mealplan/planner.tsx(172,31): error TS1005: ')' expected.
src/pages/household/mealplan/planner.tsx(173,7): error TS1128: Declaration or statement expected.
src/pages/household/mealplan/planner.tsx(176,3): error TS1128: Declaration or statement expected.
src/pages/household/mealplan/planner.tsx(176,4): error TS1128: Declaration or statement expected.
src/pages/household/mealplan/planner.tsx(187,53): error TS1005: '...' expected.
src/pages/household/mealplan/planner.tsx(199,69): error TS1005: '...' expected.
src/pages/household/mealplan/planner.tsx(250,1): error TS1128: Declaration or statement expected.
src/pages/household/mealplan/planner/edit.tsx(96,69): error TS1005: '...' expected.
src/pages/household/mealplan/planner/edit.tsx(101,90): error TS1005: '...' expected.
src/pages/household/mealplan/planner/view.tsx(34,69): error TS1005: '...' expected.
src/pages/household/mealplan/settings.tsx(116,97): error TS1005: '...' expected.
src/pages/household/mealplan/settings.tsx(116,146): error TS1005: '...' expected.
src/pages/household/mealplan/settings.tsx(116,203): error TS1005: '...' expected.
src/pages/household/mealplan/settings.tsx(209,88): error TS1005: '...' expected.
src/pages/household/mealplan/settings.tsx(209,140): error TS1005: '...' expected.
src/pages/household/mealplan/settings.tsx(209,200): error TS1005: '...' expected.
src/pages/household/members.tsx(107,81): error TS1005: '...' expected.
src/pages/household/members.tsx(115,72): error TS1005: '...' expected.
src/pages/household/members.tsx(123,74): error TS1005: '...' expected.
src/pages/household/members.tsx(131,72): error TS1005: '...' expected.
src/pages/household/notifiers.tsx(47,10): error TS1472: 'catch' or 'finally' expected.
src/pages/household/notifiers.tsx(49,7): error TS1005: 'try' expected.
src/pages/household/notifiers.tsx(238,62): error TS1005: '...' expected.
src/pages/household/notifiers.tsx(244,62): error TS1005: '...' expected.
src/pages/household/notifiers.tsx(247,70): error TS1005: '...' expected.
src/pages/household/notifiers.tsx(249,76): error TS1005: '...' expected.
src/pages/household/notifiers.tsx(301,74): error TS1005: '...' expected.
src/pages/household/notifiers.tsx(303,80): error TS1005: '...' expected.
src/pages/household/notifiers.tsx(305,84): error TS1005: '...' expected.
src/pages/household/notifiers.tsx(318,115): error TS1005: '...' expected.
src/pages/household/notifiers.tsx(324,35): error TS1005: '}' expected.
src/pages/household/notifiers.tsx(324,39): error TS1381: Unexpected token. Did you mean `{'}'}` or `&rbrace;`?
src/pages/household/notifiers.tsx(324,42): error TS1382: Unexpected token. Did you mean `{'>'}` or `&gt;`?
src/pages/login.tsx(250,75): error TS1005: '...' expected.
src/pages/login.tsx(254,78): error TS1005: '...' expected.
src/pages/login.tsx(258,71): error TS1005: '...' expected.
src/pages/register/index.tsx(73,52): error TS1135: Argument expression expected.
src/pages/register/index.tsx(73,57): error TS1005: ')' expected.
src/pages/register/index.tsx(147,40): error TS1005: ',' expected.
src/pages/register/index.tsx(317,79): error TS1005: '...' expected.
src/pages/register/index.tsx(320,91): error TS1005: '...' expected.
src/pages/register/index.tsx(325,88): error TS1005: '...' expected.
src/pages/reset-password.tsx(88,60): error TS1005: '...' expected.
src/pages/reset-password.tsx(90,63): error TS1005: '...' expected.
src/pages/reset-password.tsx(92,70): error TS1005: '...' expected.
src/pages/shopping-lists/[id].tsx(116,66): error TS1005: '...' expected.
src/pages/shopping-lists/[id].tsx(122,68): error TS1005: '...' expected.
src/pages/shopping-lists/[id].tsx(128,71): error TS1005: '...' expected.
src/pages/shopping-lists/[id].tsx(140,90): error TS1005: '...' expected.
src/pages/shopping-lists/[id].tsx(152,33): error TS1005: '}' expected.
src/pages/shopping-lists/[id].tsx(152,37): error TS1381: Unexpected token. Did you mean `{'}'}` or `&rbrace;`?
src/pages/shopping-lists/[id].tsx(152,40): error TS1382: Unexpected token. Did you mean `{'>'}` or `&gt;`?
src/pages/shopping-lists/[id].tsx(158,33): error TS1005: '}' expected.
src/pages/shopping-lists/[id].tsx(158,37): error TS1381: Unexpected token. Did you mean `{'}'}` or `&rbrace;`?
src/pages/shopping-lists/[id].tsx(158,40): error TS1382: Unexpected token. Did you mean `{'>'}` or `&gt;`?
src/pages/shopping-lists/[id].tsx(250,92): error TS1005: '...' expected.
src/pages/shopping-lists/[id].tsx(301,92): error TS1005: '...' expected.
src/pages/shopping-lists/index.tsx(42,65): error TS1135: Argument expression expected.
src/pages/shopping-lists/index.tsx(42,70): error TS1005: ')' expected.
src/pages/shopping-lists/index.tsx(63,5): error TS1005: ',' expected.
src/pages/shopping-lists/index.tsx(64,4): error TS1128: Declaration or statement expected.
src/pages/shopping-lists/index.tsx(177,64): error TS1005: '...' expected.
src/pages/shopping-lists/index.tsx(180,65): error TS1005: '...' expected.
src/pages/shopping-lists/index.tsx(184,63): error TS1005: '...' expected.
src/pages/shopping-lists/index.tsx(194,64): error TS1005: '...' expected.
src/pages/shopping-lists/index.tsx(210,78): error TS1005: '...' expected.
src/pages/shopping-lists/index.tsx(248,1): error TS1128: Declaration or statement expected.
src/pages/user/profile/api-tokens.tsx(49,27): error TS1109: Expression expected.
src/pages/user/profile/api-tokens.tsx(108,29): error TS1005: '}' expected.
src/pages/user/profile/api-tokens.tsx(108,33): error TS1381: Unexpected token. Did you mean `{'}'}` or `&rbrace;`?
src/pages/user/profile/api-tokens.tsx(108,36): error TS1382: Unexpected token. Did you mean `{'>'}` or `&gt;`?
src/pages/user/profile/edit.tsx(34,133): error TS1005: ')' expected.
src/pages/user/profile/edit.tsx(34,134): error TS1128: Declaration or statement expected.
src/pages/user/profile/edit.tsx(139,78): error TS1005: '...' expected.
src/pages/user/profile/edit.tsx(141,78): error TS1005: '...' expected.
src/pages/user/profile/edit.tsx(143,75): error TS1005: '...' expected.
src/pages/user/profile/edit.tsx(147,39): error TS1005: '}' expected.
src/pages/user/profile/edit.tsx(147,43): error TS1381: Unexpected token. Did you mean `{'}'}` or `&rbrace;`?
src/pages/user/profile/edit.tsx(147,46): error TS1382: Unexpected token. Did you mean `{'>'}` or `&gt;`?
src/pages/user/profile/edit.tsx(160,77): error TS1005: '...' expected.
src/pages/user/profile/edit.tsx(162,76): error TS1005: '...' expected.
src/pages/user/profile/edit.tsx(164,76): error TS1005: '...' expected.
src/pages/user/profile/edit.tsx(166,87): error TS1005: '...' expected.
src/pages/user/profile/edit.tsx(170,39): error TS1005: '}' expected.
src/pages/user/profile/edit.tsx(170,43): error TS1381: Unexpected token. Did you mean `{'}'}` or `&rbrace;`?
src/pages/user/profile/edit.tsx(170,46): error TS1382: Unexpected token. Did you mean `{'>'}` or `&gt;`?
src/pages/user/profile/edit.tsx(187,82): error TS1005: '...' expected.
src/pages/user/profile/edit.tsx(189,73): error TS1005: '...' expected.
